Sample in Buffer,Sample in Window,TRIGGER,probe_irq_dbg[17:0]
Radix - UNSIGNED,UNSIGNED,UNSIGNED,HEX
0,0,0,0820c
1,1,0,0820c
2,2,0,0820c
3,3,0,0820c
4,4,0,0820c
5,5,0,0820c
6,6,0,0820c
7,7,0,0820c
8,8,0,0820c
9,9,0,0820c
10,10,0,0820c
11,11,0,0820c
12,12,0,0820c
13,13,0,0820c
14,14,0,0820c
15,15,0,0820c
16,16,0,0820c
17,17,0,0820c
18,18,0,0820c
19,19,0,0820c
20,20,0,0820c
21,21,0,0820c
22,22,0,0820c
23,23,0,0820c
24,24,0,0820c
25,25,0,0820c
26,26,0,0820c
27,27,0,0820c
28,28,0,0820c
29,29,0,0820c
30,30,0,0820c
31,31,0,0820c
32,32,0,0820c
33,33,0,0820c
34,34,0,0820c
35,35,0,0820c
36,36,0,0820c
37,37,0,0820c
38,38,0,0820c
39,39,0,0820c
40,40,0,0820c
41,41,0,0820c
42,42,0,0820c
43,43,0,0820c
44,44,0,0820c
45,45,0,0820c
46,46,0,0820c
47,47,0,0820c
48,48,0,0820c
49,49,0,0820c
50,50,0,0820c
51,51,0,0820c
52,52,0,0820c
53,53,0,0820c
54,54,0,0820c
55,55,0,0820c
56,56,0,0820c
57,57,0,0820c
58,58,0,0820c
59,59,0,0820c
60,60,0,0820c
61,61,0,0820c
62,62,0,0820c
63,63,0,0820c
64,64,0,0820c
65,65,0,0820c
66,66,0,0820c
67,67,0,0820c
68,68,0,0820c
69,69,0,0820c
70,70,0,0820c
71,71,0,0820c
72,72,0,0820c
73,73,0,0820c
74,74,0,0820c
75,75,0,0820c
76,76,0,0820c
77,77,0,0820c
78,78,0,0820c
79,79,0,0820c
80,80,0,0820c
81,81,0,0820c
82,82,0,0820c
83,83,0,0820c
84,84,0,0820c
85,85,0,0820c
86,86,0,0820c
87,87,0,0820c
88,88,0,0820c
89,89,0,0820c
90,90,0,0820c
91,91,0,0820c
92,92,0,0820c
93,93,0,0820c
94,94,0,0820c
95,95,0,0820c
96,96,0,0820c
97,97,0,0820c
98,98,0,0820c
99,99,0,0820c
100,100,0,0820c
101,101,0,0820c
102,102,0,0820c
103,103,0,0820c
104,104,0,0820c
105,105,0,0820c
106,106,0,0820c
107,107,0,0820c
108,108,0,0820c
109,109,0,0820c
110,110,0,0820c
111,111,0,0820c
112,112,0,0820c
113,113,0,0820c
114,114,0,0820c
115,115,0,0820c
116,116,0,0820c
117,117,0,0820c
118,118,0,0820c
119,119,0,0820c
120,120,0,0820c
121,121,0,0820c
122,122,0,0820c
123,123,0,0820c
124,124,0,0820c
125,125,0,0820c
126,126,0,0820c
127,127,0,0820c
128,128,0,0820c
129,129,0,0820c
130,130,0,0820c
131,131,0,0820c
132,132,0,0820c
133,133,0,0820c
134,134,0,0820c
135,135,0,0820c
136,136,0,0820c
137,137,0,0820c
138,138,0,0820c
139,139,0,0820c
140,140,0,0820c
141,141,0,0820c
142,142,0,0820c
143,143,0,0820c
144,144,0,0820c
145,145,0,0820c
146,146,0,0820c
147,147,0,0820c
148,148,0,0820c
149,149,0,0820c
150,150,0,0820c
151,151,0,0820c
152,152,0,0820c
153,153,0,0820c
154,154,0,0820c
155,155,0,0820c
156,156,0,0820c
157,157,0,0820c
158,158,0,0820c
159,159,0,0820c
160,160,0,0820c
161,161,0,0820c
162,162,0,0820c
163,163,0,0820c
164,164,0,0820c
165,165,0,0820c
166,166,0,0820c
167,167,0,0820c
168,168,0,0820c
169,169,0,0820c
170,170,0,0820c
171,171,0,0820c
172,172,0,0820c
173,173,0,0820c
174,174,0,0820c
175,175,0,0820c
176,176,0,0820c
177,177,0,0820c
178,178,0,0820c
179,179,0,0820c
180,180,0,0820c
181,181,0,0820c
182,182,0,0820c
183,183,0,0820c
184,184,0,0820c
185,185,0,0820c
186,186,0,0820c
187,187,0,0820c
188,188,0,0820c
189,189,0,0820c
190,190,0,0820c
191,191,0,0820c
192,192,0,0820c
193,193,0,0820c
194,194,0,0820c
195,195,0,0820c
196,196,0,0820c
197,197,0,0820c
198,198,0,0820c
199,199,0,0820c
200,200,0,0820c
201,201,0,0820c
202,202,0,0820c
203,203,0,0820c
204,204,0,0820c
205,205,0,0820c
206,206,0,0820c
207,207,0,0820c
208,208,0,0820c
209,209,0,0820c
210,210,0,0820c
211,211,0,0820c
212,212,0,0820c
213,213,0,0820c
214,214,0,0820c
215,215,0,0820c
216,216,0,0820c
217,217,0,0820c
218,218,0,0820c
219,219,0,0820c
220,220,0,0820c
221,221,0,0820c
222,222,0,0820c
223,223,0,0820c
224,224,0,0820c
225,225,0,0820c
226,226,0,0820c
227,227,0,0820c
228,228,0,0820c
229,229,0,0820c
230,230,0,0820c
231,231,0,0820c
232,232,0,0820c
233,233,0,0820c
234,234,0,0820c
235,235,0,0820c
236,236,0,0820c
237,237,0,0820c
238,238,0,0820c
239,239,0,0820c
240,240,0,0820c
241,241,0,0820c
242,242,0,0820c
243,243,0,0820c
244,244,0,0820c
245,245,0,0820c
246,246,0,0820c
247,247,0,0820c
248,248,0,0820c
249,249,0,0820c
250,250,0,0820c
251,251,0,0820c
252,252,0,0820c
253,253,0,0820c
254,254,0,0820c
255,255,0,0820c
256,256,0,0820c
257,257,0,0820c
258,258,0,0820c
259,259,0,0820c
260,260,0,0820c
261,261,0,0820c
262,262,0,0820c
263,263,0,0820c
264,264,0,0820c
265,265,0,0820c
266,266,0,0820c
267,267,0,0820c
268,268,0,0820c
269,269,0,0820c
270,270,0,0820c
271,271,0,0820c
272,272,0,0820c
273,273,0,0820c
274,274,0,0820c
275,275,0,0820c
276,276,0,0820c
277,277,0,0820c
278,278,0,0820c
279,279,0,0820c
280,280,0,0820c
281,281,0,0820c
282,282,0,0820c
283,283,0,0820c
284,284,0,0820c
285,285,0,0820c
286,286,0,0820c
287,287,0,0820c
288,288,0,0820c
289,289,0,0820c
290,290,0,0820c
291,291,0,0820c
292,292,0,0820c
293,293,0,0820c
294,294,0,0820c
295,295,0,0820c
296,296,0,0820c
297,297,0,0820c
298,298,0,0820c
299,299,0,0820c
300,300,0,0820c
301,301,0,0820c
302,302,0,0820c
303,303,0,0820c
304,304,0,0820c
305,305,0,0820c
306,306,0,0820c
307,307,0,0820c
308,308,0,0820c
309,309,0,0820c
310,310,0,0820c
311,311,0,0820c
312,312,0,0820c
313,313,0,0820c
314,314,0,0820c
315,315,0,0820c
316,316,0,0820c
317,317,0,0820c
318,318,0,0820c
319,319,0,0820c
320,320,0,0820c
321,321,0,0820c
322,322,0,0820c
323,323,0,0820c
324,324,0,0820c
325,325,0,0820c
326,326,0,0820c
327,327,0,0820c
328,328,0,0820c
329,329,0,0820c
330,330,0,0820c
331,331,0,0820c
332,332,0,0820c
333,333,0,0820c
334,334,0,0820c
335,335,0,0820c
336,336,0,0820c
337,337,0,0820c
338,338,0,0820c
339,339,0,0820c
340,340,0,0820c
341,341,0,0820c
342,342,0,0820c
343,343,0,0820c
344,344,0,0820c
345,345,0,0820c
346,346,0,0820c
347,347,0,0820c
348,348,0,0820c
349,349,0,0820c
350,350,0,0820c
351,351,0,0820c
352,352,0,0820c
353,353,0,0820c
354,354,0,0820c
355,355,0,0820c
356,356,0,0820c
357,357,0,0820c
358,358,0,0820c
359,359,0,0820c
360,360,0,0820c
361,361,0,0820c
362,362,0,0820c
363,363,0,0820c
364,364,0,0820c
365,365,0,0820c
366,366,0,0820c
367,367,0,0820c
368,368,0,0820c
369,369,0,0820c
370,370,0,0820c
371,371,0,0820c
372,372,0,0820c
373,373,0,0820c
374,374,0,0820c
375,375,0,0820c
376,376,0,0820c
377,377,0,0820c
378,378,0,0820c
379,379,0,0820c
380,380,0,0820c
381,381,0,0820c
382,382,0,0820c
383,383,0,0820c
384,384,0,0820c
385,385,0,0820c
386,386,0,0820c
387,387,0,0820c
388,388,0,0820c
389,389,0,0820c
390,390,0,0820c
391,391,0,0820c
392,392,0,0820c
393,393,0,0820c
394,394,0,0820c
395,395,0,0820c
396,396,0,0820c
397,397,0,0820c
398,398,0,0820c
399,399,0,0820c
400,400,0,0820c
401,401,0,0820c
402,402,0,0820c
403,403,0,0820c
404,404,0,0820c
405,405,0,0820c
406,406,0,0820c
407,407,0,0820c
408,408,0,0820c
409,409,0,0820c
410,410,0,0820c
411,411,0,0820c
412,412,0,0820c
413,413,0,0820c
414,414,0,0820c
415,415,0,0820c
416,416,0,0820c
417,417,0,0820c
418,418,0,0820c
419,419,0,0820c
420,420,0,0820c
421,421,0,0820c
422,422,0,0820c
423,423,0,0820c
424,424,0,0820c
425,425,0,0820c
426,426,0,0820c
427,427,0,0820c
428,428,0,0820c
429,429,0,0820c
430,430,0,0820c
431,431,0,0820c
432,432,0,0820c
433,433,0,0820c
434,434,0,0820c
435,435,0,0820c
436,436,0,0820c
437,437,0,0820c
438,438,0,0820c
439,439,0,0820c
440,440,0,0820c
441,441,0,0820c
442,442,0,0820c
443,443,0,0820c
444,444,0,0820c
445,445,0,0820c
446,446,0,0820c
447,447,0,0820c
448,448,0,0820c
449,449,0,0820c
450,450,0,0820c
451,451,0,0820c
452,452,0,0820c
453,453,0,0820c
454,454,0,0820c
455,455,0,0820c
456,456,0,0820c
457,457,0,0820c
458,458,0,0820c
459,459,0,0820c
460,460,0,0820c
461,461,0,0820c
462,462,0,0820c
463,463,0,0820c
464,464,0,0820c
465,465,0,0820c
466,466,0,0820c
467,467,0,0820c
468,468,0,0820c
469,469,0,0820c
470,470,0,0820c
471,471,0,0820c
472,472,0,0820c
473,473,0,0820c
474,474,0,0820c
475,475,0,0820c
476,476,0,0820c
477,477,0,0820c
478,478,0,0820c
479,479,0,0820c
480,480,0,0820c
481,481,0,0820c
482,482,0,0820c
483,483,0,0820c
484,484,0,0820c
485,485,0,0820c
486,486,0,0820c
487,487,0,0820c
488,488,0,0820c
489,489,0,0820c
490,490,0,0820c
491,491,0,0820c
492,492,0,0820c
493,493,0,0820c
494,494,0,0820c
495,495,0,0820c
496,496,0,0820c
497,497,0,0820c
498,498,0,0820c
499,499,0,0820c
500,500,0,0820c
501,501,0,0820c
502,502,0,0820c
503,503,0,0820c
504,504,0,0820c
505,505,0,0820c
506,506,0,0820c
507,507,0,0820c
508,508,0,0820c
509,509,0,0820c
510,510,0,0820c
511,511,0,0820c
512,512,0,0820c
513,513,0,0820c
514,514,0,0820c
515,515,0,0820c
516,516,0,0820c
517,517,0,0820c
518,518,0,0820c
519,519,0,0820c
520,520,0,0820c
521,521,0,0820c
522,522,0,0820c
523,523,0,0820c
524,524,0,0820c
525,525,0,0820c
526,526,0,0820c
527,527,0,0820c
528,528,0,0820c
529,529,0,0820c
530,530,0,0820c
531,531,0,0820c
532,532,0,0820c
533,533,0,0820c
534,534,0,0820c
535,535,0,0820c
536,536,0,0820c
537,537,0,0820c
538,538,0,0820c
539,539,0,0820c
540,540,0,0820c
541,541,0,0820c
542,542,0,0820c
543,543,0,0820c
544,544,0,0820c
545,545,0,0820c
546,546,0,0820c
547,547,0,0820c
548,548,0,0820c
549,549,0,0820c
550,550,0,0820c
551,551,0,0820c
552,552,0,0820c
553,553,0,0820c
554,554,0,0820c
555,555,0,0820c
556,556,0,0820c
557,557,0,0820c
558,558,0,0820c
559,559,0,0820c
560,560,0,0820c
561,561,0,0820c
562,562,0,0820c
563,563,0,0820c
564,564,0,0820c
565,565,0,0820c
566,566,0,0820c
567,567,0,0820c
568,568,0,0820c
569,569,0,0820c
570,570,0,0820c
571,571,0,0820c
572,572,0,0820c
573,573,0,0820c
574,574,0,0820c
575,575,0,0820c
576,576,0,0820c
577,577,0,0820c
578,578,0,0820c
579,579,0,0820c
580,580,0,0820c
581,581,0,0820c
582,582,0,0820c
583,583,0,0820c
584,584,0,0820c
585,585,0,0820c
586,586,0,0820c
587,587,0,0820c
588,588,0,0820c
589,589,0,0820c
590,590,0,0820c
591,591,0,0820c
592,592,0,0820c
593,593,0,0820c
594,594,0,0820c
595,595,0,0820c
596,596,0,0820c
597,597,0,0820c
598,598,0,0820c
599,599,0,0820c
600,600,0,0820c
601,601,0,0820c
602,602,0,0820c
603,603,0,0820c
604,604,0,0820c
605,605,0,0820c
606,606,0,0820c
607,607,0,0820c
608,608,0,0820c
609,609,0,0820c
610,610,0,0820c
611,611,0,0820c
612,612,0,0820c
613,613,0,0820c
614,614,0,0820c
615,615,0,0820c
616,616,0,0820c
617,617,0,0820c
618,618,0,0820c
619,619,0,0820c
620,620,0,0820c
621,621,0,0820c
622,622,0,0820c
623,623,0,0820c
624,624,0,0820c
625,625,0,0820c
626,626,0,0820c
627,627,0,0820c
628,628,0,0820c
629,629,0,0820c
630,630,0,0820c
631,631,0,0820c
632,632,0,0820c
633,633,0,0820c
634,634,0,0820c
635,635,0,0820c
636,636,0,0820c
637,637,0,0820c
638,638,0,0820c
639,639,0,0820c
640,640,0,0820c
641,641,0,0820c
642,642,0,0820c
643,643,0,0820c
644,644,0,0820c
645,645,0,0820c
646,646,0,0820c
647,647,0,0820c
648,648,0,0820c
649,649,0,0820c
650,650,0,0820c
651,651,0,0820c
652,652,0,0820c
653,653,0,0820c
654,654,0,0820c
655,655,0,0820c
656,656,0,0820c
657,657,0,0820c
658,658,0,0820c
659,659,0,0820c
660,660,0,0820c
661,661,0,0820c
662,662,0,0820c
663,663,0,0820c
664,664,0,0820c
665,665,0,0820c
666,666,0,0820c
667,667,0,0820c
668,668,0,0820c
669,669,0,0820c
670,670,0,0820c
671,671,0,0820c
672,672,0,0820c
673,673,0,0820c
674,674,0,0820c
675,675,0,0820c
676,676,0,0820c
677,677,0,0820c
678,678,0,0820c
679,679,0,0820c
680,680,0,0820c
681,681,0,0820c
682,682,0,0820c
683,683,0,0820c
684,684,0,0820c
685,685,0,0820c
686,686,0,0820c
687,687,0,0820c
688,688,0,0820c
689,689,0,0820c
690,690,0,0820c
691,691,0,0820c
692,692,0,0820c
693,693,0,0820c
694,694,0,0820c
695,695,0,0820c
696,696,0,0820c
697,697,0,0820c
698,698,0,0820c
699,699,0,0820c
700,700,0,0820c
701,701,0,0820c
702,702,0,0820c
703,703,0,0820c
704,704,0,0820c
705,705,0,0820c
706,706,0,0820c
707,707,0,0820c
708,708,0,0820c
709,709,0,0820c
710,710,0,0820c
711,711,0,0820c
712,712,0,0820c
713,713,0,0820c
714,714,0,0820c
715,715,0,0820c
716,716,0,0820c
717,717,0,0820c
718,718,0,0820c
719,719,0,0820c
720,720,0,0820c
721,721,0,0820c
722,722,0,0820c
723,723,0,0820c
724,724,0,0820c
725,725,0,0820c
726,726,0,0820c
727,727,0,0820c
728,728,0,0820c
729,729,0,0820c
730,730,0,0820c
731,731,0,0820c
732,732,0,0820c
733,733,0,0820c
734,734,0,0820c
735,735,0,0820c
736,736,0,0820c
737,737,0,0820c
738,738,0,0820c
739,739,0,0820c
740,740,0,0820c
741,741,0,0820c
742,742,0,0820c
743,743,0,0820c
744,744,0,0820c
745,745,0,0820c
746,746,0,0820c
747,747,0,0820c
748,748,0,0820c
749,749,0,0820c
750,750,0,0820c
751,751,0,0820c
752,752,0,0820c
753,753,0,0820c
754,754,0,0820c
755,755,0,0820c
756,756,0,0820c
757,757,0,0820c
758,758,0,0820c
759,759,0,0820c
760,760,0,0820c
761,761,0,0820c
762,762,0,0820c
763,763,0,0820c
764,764,0,0820c
765,765,0,0820c
766,766,0,0820c
767,767,0,0820c
768,768,0,0820c
769,769,0,0820c
770,770,0,0820c
771,771,0,0820c
772,772,0,0820c
773,773,0,0820c
774,774,0,0820c
775,775,0,0820c
776,776,0,0820c
777,777,0,0820c
778,778,0,0820c
779,779,0,0820c
780,780,0,0820c
781,781,0,0820c
782,782,0,0820c
783,783,0,0820c
784,784,0,0820c
785,785,0,0820c
786,786,0,0820c
787,787,0,0820c
788,788,0,0820c
789,789,0,0820c
790,790,0,0820c
791,791,0,0820c
792,792,0,0820c
793,793,0,0820c
794,794,0,0820c
795,795,0,0820c
796,796,0,0820c
797,797,0,0820c
798,798,0,0820c
799,799,0,0820c
800,800,0,0820c
801,801,0,0820c
802,802,0,0820c
803,803,0,0820c
804,804,0,0820c
805,805,0,0820c
806,806,0,0820c
807,807,0,0820c
808,808,0,0820c
809,809,0,0820c
810,810,0,0820c
811,811,0,0820c
812,812,0,0820c
813,813,0,0820c
814,814,0,0820c
815,815,0,0820c
816,816,0,0820c
817,817,0,0820c
818,818,0,0820c
819,819,0,0820c
820,820,0,0820c
821,821,0,0820c
822,822,0,0820c
823,823,0,0820c
824,824,0,0820c
825,825,0,0820c
826,826,0,0820c
827,827,0,0820c
828,828,0,0820c
829,829,0,0820c
830,830,0,0820c
831,831,0,0820c
832,832,0,0820c
833,833,0,0820c
834,834,0,0820c
835,835,0,0820c
836,836,0,0820c
837,837,0,0820c
838,838,0,0820c
839,839,0,0820c
840,840,0,0820c
841,841,0,0820c
842,842,0,0820c
843,843,0,0820c
844,844,0,0820c
845,845,0,0820c
846,846,0,0820c
847,847,0,0820c
848,848,0,0820c
849,849,0,0820c
850,850,0,0820c
851,851,0,0820c
852,852,0,0820c
853,853,0,0820c
854,854,0,0820c
855,855,0,0820c
856,856,0,0820c
857,857,0,0820c
858,858,0,0820c
859,859,0,0820c
860,860,0,0820c
861,861,0,0820c
862,862,0,0820c
863,863,0,0820c
864,864,0,0820c
865,865,0,0820c
866,866,0,0820c
867,867,0,0820c
868,868,0,0820c
869,869,0,0820c
870,870,0,0820c
871,871,0,0820c
872,872,0,0820c
873,873,0,0820c
874,874,0,0820c
875,875,0,0820c
876,876,0,0820c
877,877,0,0820c
878,878,0,0820c
879,879,0,0820c
880,880,0,0820c
881,881,0,0820c
882,882,0,0820c
883,883,0,0820c
884,884,0,0820c
885,885,0,0820c
886,886,0,0820c
887,887,0,0820c
888,888,0,0820c
889,889,0,0820c
890,890,0,0820c
891,891,0,0820c
892,892,0,0820c
893,893,0,0820c
894,894,0,0820c
895,895,0,0820c
896,896,0,0820c
897,897,0,0820c
898,898,0,0820c
899,899,0,0820c
900,900,0,0820c
901,901,0,0820c
902,902,0,0820c
903,903,0,0820c
904,904,0,0820c
905,905,0,0820c
906,906,0,0820c
907,907,0,0820c
908,908,0,0820c
909,909,0,0820c
910,910,0,0820c
911,911,0,0820c
912,912,0,0820c
913,913,0,0820c
914,914,0,0820c
915,915,0,0820c
916,916,0,0820c
917,917,0,0820c
918,918,0,0820c
919,919,0,0820c
920,920,0,0820c
921,921,0,0820c
922,922,0,0820c
923,923,0,0820c
924,924,0,0820c
925,925,0,0820c
926,926,0,0820c
927,927,0,0820c
928,928,0,0820c
929,929,0,0820c
930,930,0,0820c
931,931,0,0820c
932,932,0,0820c
933,933,0,0820c
934,934,0,0820c
935,935,0,0820c
936,936,0,0820c
937,937,0,0820c
938,938,0,0820c
939,939,0,0820c
940,940,0,0820c
941,941,0,0820c
942,942,0,0820c
943,943,0,0820c
944,944,0,0820c
945,945,0,0820c
946,946,0,0820c
947,947,0,0820c
948,948,0,0820c
949,949,0,0820c
950,950,0,0820c
951,951,0,0820c
952,952,0,0820c
953,953,0,0820c
954,954,0,0820c
955,955,0,0820c
956,956,0,0820c
957,957,0,0820c
958,958,0,0820c
959,959,0,0820c
960,960,0,0820c
961,961,0,0820c
962,962,0,0820c
963,963,0,0820c
964,964,0,0820c
965,965,0,0820c
966,966,0,0820c
967,967,0,0820c
968,968,0,0820c
969,969,0,0820c
970,970,0,0820c
971,971,0,0820c
972,972,0,0820c
973,973,0,0820c
974,974,0,0820c
975,975,0,0820c
976,976,0,0820c
977,977,0,0820c
978,978,0,0820c
979,979,0,0820c
980,980,0,0820c
981,981,0,0820c
982,982,0,0820c
983,983,0,0820c
984,984,0,0820c
985,985,0,0820c
986,986,0,0820c
987,987,0,0820c
988,988,0,0820c
989,989,0,0820c
990,990,0,0820c
991,991,0,0820c
992,992,0,0820c
993,993,0,0820c
994,994,0,0820c
995,995,0,0820c
996,996,0,0820c
997,997,0,0820c
998,998,0,0820c
999,999,0,0820c
1000,1000,0,0820c
1001,1001,0,0820c
1002,1002,0,0820c
1003,1003,0,0820c
1004,1004,0,0820c
1005,1005,0,0820c
1006,1006,0,0820c
1007,1007,0,0820c
1008,1008,0,0820c
1009,1009,0,0820c
1010,1010,0,0820c
1011,1011,0,0820c
1012,1012,0,0820c
1013,1013,0,0820c
1014,1014,0,0820c
1015,1015,0,0820c
1016,1016,0,0820c
1017,1017,0,0820c
1018,1018,0,0820c
1019,1019,0,0820c
1020,1020,0,0820c
1021,1021,0,0820c
1022,1022,0,0820c
1023,1023,0,0820c
1024,1024,0,0820c
1025,1025,0,0820c
1026,1026,0,0820c
1027,1027,0,0820c
1028,1028,0,0820c
1029,1029,0,0820c
1030,1030,0,0820c
1031,1031,0,0820c
1032,1032,0,0820c
1033,1033,0,0820c
1034,1034,0,0820c
1035,1035,0,0820c
1036,1036,0,0820c
1037,1037,0,0820c
1038,1038,0,0820c
1039,1039,0,0820c
1040,1040,0,0820c
1041,1041,0,0820c
1042,1042,0,0820c
1043,1043,0,0820c
1044,1044,0,0820c
1045,1045,0,0820c
1046,1046,0,0820c
1047,1047,0,0820c
1048,1048,0,0820c
1049,1049,0,0820c
1050,1050,0,0820c
1051,1051,0,0820c
1052,1052,0,0820c
1053,1053,0,0820c
1054,1054,0,0820c
1055,1055,0,0820c
1056,1056,0,0820c
1057,1057,0,0820c
1058,1058,0,0820c
1059,1059,0,0820c
1060,1060,0,0820c
1061,1061,0,0820c
1062,1062,0,0820c
1063,1063,0,0820c
1064,1064,0,0820c
1065,1065,0,0820c
1066,1066,0,0820c
1067,1067,0,0820c
1068,1068,0,0820c
1069,1069,0,0820c
1070,1070,0,0820c
1071,1071,0,0820c
1072,1072,0,0820c
1073,1073,0,0820c
1074,1074,0,0820c
1075,1075,0,0820c
1076,1076,0,0820c
1077,1077,0,0820c
1078,1078,0,0820c
1079,1079,0,0820c
1080,1080,0,0820c
1081,1081,0,0820c
1082,1082,0,0820c
1083,1083,0,0820c
1084,1084,0,0820c
1085,1085,0,0820c
1086,1086,0,0820c
1087,1087,0,0820c
1088,1088,0,0820c
1089,1089,0,0820c
1090,1090,0,0820c
1091,1091,0,0820c
1092,1092,0,0820c
1093,1093,0,0820c
1094,1094,0,0820c
1095,1095,0,0820c
1096,1096,0,0820c
1097,1097,0,0820c
1098,1098,0,0820c
1099,1099,0,0820c
1100,1100,0,0820c
1101,1101,0,0820c
1102,1102,0,0820c
1103,1103,0,0820c
1104,1104,0,0820c
1105,1105,0,0820c
1106,1106,0,0820c
1107,1107,0,0820c
1108,1108,0,0820c
1109,1109,0,0820c
1110,1110,0,0820c
1111,1111,0,0820c
1112,1112,0,0820c
1113,1113,0,0820c
1114,1114,0,0820c
1115,1115,0,0820c
1116,1116,0,0820c
1117,1117,0,0820c
1118,1118,0,0820c
1119,1119,0,0820c
1120,1120,0,0820c
1121,1121,0,0820c
1122,1122,0,0820c
1123,1123,0,0820c
1124,1124,0,0820c
1125,1125,0,0820c
1126,1126,0,0820c
1127,1127,0,0820c
1128,1128,0,0820c
1129,1129,0,0820c
1130,1130,0,0820c
1131,1131,0,0820c
1132,1132,0,0820c
1133,1133,0,0820c
1134,1134,0,0820c
1135,1135,0,0820c
1136,1136,0,0820c
1137,1137,0,0820c
1138,1138,0,0820c
1139,1139,0,0820c
1140,1140,0,0820c
1141,1141,0,0820c
1142,1142,0,0820c
1143,1143,0,0820c
1144,1144,0,0820c
1145,1145,0,0820c
1146,1146,0,0820c
1147,1147,0,0820c
1148,1148,0,0820c
1149,1149,0,0820c
1150,1150,0,0820c
1151,1151,0,0820c
1152,1152,0,0820c
1153,1153,0,0820c
1154,1154,0,0820c
1155,1155,0,0820c
1156,1156,0,0820c
1157,1157,0,0820c
1158,1158,0,0820c
1159,1159,0,0820c
1160,1160,0,0820c
1161,1161,0,0820c
1162,1162,0,0820c
1163,1163,0,0820c
1164,1164,0,0820c
1165,1165,0,0820c
1166,1166,0,0820c
1167,1167,0,0820c
1168,1168,0,0820c
1169,1169,0,0820c
1170,1170,0,0820c
1171,1171,0,0820c
1172,1172,0,0820c
1173,1173,0,0820c
1174,1174,0,0820c
1175,1175,0,0820c
1176,1176,0,0820c
1177,1177,0,0820c
1178,1178,0,0820c
1179,1179,0,0820c
1180,1180,0,0820c
1181,1181,0,0820c
1182,1182,0,0820c
1183,1183,0,0820c
1184,1184,0,0820c
1185,1185,0,0820c
1186,1186,0,0820c
1187,1187,0,0820c
1188,1188,0,0820c
1189,1189,0,0820c
1190,1190,0,0820c
1191,1191,0,0820c
1192,1192,0,0820c
1193,1193,0,0820c
1194,1194,0,0820c
1195,1195,0,0820c
1196,1196,0,0820c
1197,1197,0,0820c
1198,1198,0,0820c
1199,1199,0,0820c
1200,1200,0,0820c
1201,1201,0,0820c
1202,1202,0,0820c
1203,1203,0,0820c
1204,1204,0,0820c
1205,1205,0,0820c
1206,1206,0,0820c
1207,1207,0,0820c
1208,1208,0,0820c
1209,1209,0,0820c
1210,1210,0,0820c
1211,1211,0,0820c
1212,1212,0,0820c
1213,1213,0,0820c
1214,1214,0,0820c
1215,1215,0,0820c
1216,1216,0,0820c
1217,1217,0,0820c
1218,1218,0,0820c
1219,1219,0,0820c
1220,1220,0,0820c
1221,1221,0,0820c
1222,1222,0,0820c
1223,1223,0,0820c
1224,1224,0,0820c
1225,1225,0,0820c
1226,1226,0,0820c
1227,1227,0,0820c
1228,1228,0,0820c
1229,1229,0,0820c
1230,1230,0,0820c
1231,1231,0,0820c
1232,1232,0,0820c
1233,1233,0,0820c
1234,1234,0,0820c
1235,1235,0,0820c
1236,1236,0,0820c
1237,1237,0,0820c
1238,1238,0,0820c
1239,1239,0,0820c
1240,1240,0,0820c
1241,1241,0,0820c
1242,1242,0,0820c
1243,1243,0,0820c
1244,1244,0,0820c
1245,1245,0,0820c
1246,1246,0,0820c
1247,1247,0,0820c
1248,1248,0,0820c
1249,1249,0,0820c
1250,1250,0,0820c
1251,1251,0,0820c
1252,1252,0,0820c
1253,1253,0,0820c
1254,1254,0,0820c
1255,1255,0,0820c
1256,1256,0,0820c
1257,1257,0,0820c
1258,1258,0,0820c
1259,1259,0,0820c
1260,1260,0,0820c
1261,1261,0,0820c
1262,1262,0,0820c
1263,1263,0,0820c
1264,1264,0,0820c
1265,1265,0,0820c
1266,1266,0,0820c
1267,1267,0,0820c
1268,1268,0,0820c
1269,1269,0,0820c
1270,1270,0,0820c
1271,1271,0,0820c
1272,1272,0,0820c
1273,1273,0,0820c
1274,1274,0,0820c
1275,1275,0,0820c
1276,1276,0,0820c
1277,1277,0,0820c
1278,1278,0,0820c
1279,1279,0,0820c
1280,1280,0,0820c
1281,1281,0,0820c
1282,1282,0,0820c
1283,1283,0,0820c
1284,1284,0,0820c
1285,1285,0,0820c
1286,1286,0,0820c
1287,1287,0,0820c
1288,1288,0,0820c
1289,1289,0,0820c
1290,1290,0,0820c
1291,1291,0,0820c
1292,1292,0,0820c
1293,1293,0,0820c
1294,1294,0,0820c
1295,1295,0,0820c
1296,1296,0,0820c
1297,1297,0,0820c
1298,1298,0,0820c
1299,1299,0,0820c
1300,1300,0,0820c
1301,1301,0,0820c
1302,1302,0,0820c
1303,1303,0,0820c
1304,1304,0,0820c
1305,1305,0,0820c
1306,1306,0,0820c
1307,1307,0,0820c
1308,1308,0,0820c
1309,1309,0,0820c
1310,1310,0,0820c
1311,1311,0,0820c
1312,1312,0,0820c
1313,1313,0,0820c
1314,1314,0,0820c
1315,1315,0,0820c
1316,1316,0,0820c
1317,1317,0,0820c
1318,1318,0,0820c
1319,1319,0,0820c
1320,1320,0,0820c
1321,1321,0,0820c
1322,1322,0,0820c
1323,1323,0,0820c
1324,1324,0,0820c
1325,1325,0,0820c
1326,1326,0,0820c
1327,1327,0,0820c
1328,1328,0,0820c
1329,1329,0,0820c
1330,1330,0,0820c
1331,1331,0,0820c
1332,1332,0,0820c
1333,1333,0,0820c
1334,1334,0,0820c
1335,1335,0,0820c
1336,1336,0,0820c
1337,1337,0,0820c
1338,1338,0,0820c
1339,1339,0,0820c
1340,1340,0,0820c
1341,1341,0,0820c
1342,1342,0,0820c
1343,1343,0,0820c
1344,1344,0,0820c
1345,1345,0,0820c
1346,1346,0,0820c
1347,1347,0,0820c
1348,1348,0,0820c
1349,1349,0,0820c
1350,1350,0,0820c
1351,1351,0,0820c
1352,1352,0,0820c
1353,1353,0,0820c
1354,1354,0,0820c
1355,1355,0,0820c
1356,1356,0,0820c
1357,1357,0,0820c
1358,1358,0,0820c
1359,1359,0,0820c
1360,1360,0,0820c
1361,1361,0,0820c
1362,1362,0,0820c
1363,1363,0,0820c
1364,1364,0,0820c
1365,1365,0,0820c
1366,1366,0,0820c
1367,1367,0,0820c
1368,1368,0,0820c
1369,1369,0,0820c
1370,1370,0,0820c
1371,1371,0,0820c
1372,1372,0,0820c
1373,1373,0,0820c
1374,1374,0,0820c
1375,1375,0,0820c
1376,1376,0,0820c
1377,1377,0,0820c
1378,1378,0,0820c
1379,1379,0,0820c
1380,1380,0,0820c
1381,1381,0,0820c
1382,1382,0,0820c
1383,1383,0,0820c
1384,1384,0,0820c
1385,1385,0,0820c
1386,1386,0,0820c
1387,1387,0,0820c
1388,1388,0,0820c
1389,1389,0,0820c
1390,1390,0,0820c
1391,1391,0,0820c
1392,1392,0,0820c
1393,1393,0,0820c
1394,1394,0,0820c
1395,1395,0,0820c
1396,1396,0,0820c
1397,1397,0,0820c
1398,1398,0,0820c
1399,1399,0,0820c
1400,1400,0,0820c
1401,1401,0,0820c
1402,1402,0,0820c
1403,1403,0,0820c
1404,1404,0,0820c
1405,1405,0,0820c
1406,1406,0,0820c
1407,1407,0,0820c
1408,1408,0,0820c
1409,1409,0,0820c
1410,1410,0,0820c
1411,1411,0,0820c
1412,1412,0,0820c
1413,1413,0,0820c
1414,1414,0,0820c
1415,1415,0,0820c
1416,1416,0,0820c
1417,1417,0,0820c
1418,1418,0,0820c
1419,1419,0,0820c
1420,1420,0,0820c
1421,1421,0,0820c
1422,1422,0,0820c
1423,1423,0,0820c
1424,1424,0,0820c
1425,1425,0,0820c
1426,1426,0,0820c
1427,1427,0,0820c
1428,1428,0,0820c
1429,1429,0,0820c
1430,1430,0,0820c
1431,1431,0,0820c
1432,1432,0,0820c
1433,1433,0,0820c
1434,1434,0,0820c
1435,1435,0,0820c
1436,1436,0,0820c
1437,1437,0,0820c
1438,1438,0,0820c
1439,1439,0,0820c
1440,1440,0,0820c
1441,1441,0,0820c
1442,1442,0,0820c
1443,1443,0,0820c
1444,1444,0,0820c
1445,1445,0,0820c
1446,1446,0,0820c
1447,1447,0,0820c
1448,1448,0,0820c
1449,1449,0,0820c
1450,1450,0,0820c
1451,1451,0,0820c
1452,1452,0,0820c
1453,1453,0,0820c
1454,1454,0,0820c
1455,1455,0,0820c
1456,1456,0,0820c
1457,1457,0,0820c
1458,1458,0,0820c
1459,1459,0,0820c
1460,1460,0,0820c
1461,1461,0,0820c
1462,1462,0,0820c
1463,1463,0,0820c
1464,1464,0,0820c
1465,1465,0,0820c
1466,1466,0,0820c
1467,1467,0,0820c
1468,1468,0,0820c
1469,1469,0,0820c
1470,1470,0,0820c
1471,1471,0,0820c
1472,1472,0,0820c
1473,1473,0,0820c
1474,1474,0,0820c
1475,1475,0,0820c
1476,1476,0,0820c
1477,1477,0,0820c
1478,1478,0,0820c
1479,1479,0,0820c
1480,1480,0,0820c
1481,1481,0,0820c
1482,1482,0,0820c
1483,1483,0,0820c
1484,1484,0,0820c
1485,1485,0,0820c
1486,1486,0,0820c
1487,1487,0,0820c
1488,1488,0,0820c
1489,1489,0,0820c
1490,1490,0,0820c
1491,1491,0,0820c
1492,1492,0,0820c
1493,1493,0,0820c
1494,1494,0,0820c
1495,1495,0,0820c
1496,1496,0,0820c
1497,1497,0,0820c
1498,1498,0,0820c
1499,1499,0,0820c
1500,1500,0,0820c
1501,1501,0,0820c
1502,1502,0,0820c
1503,1503,0,0820c
1504,1504,0,0820c
1505,1505,0,0820c
1506,1506,0,0820c
1507,1507,0,0820c
1508,1508,0,0820c
1509,1509,0,0820c
1510,1510,0,0820c
1511,1511,0,0820c
1512,1512,0,0820c
1513,1513,0,0820c
1514,1514,0,0820c
1515,1515,0,0820c
1516,1516,0,0820c
1517,1517,0,0820c
1518,1518,0,0820c
1519,1519,0,0820c
1520,1520,0,0820c
1521,1521,0,0820c
1522,1522,0,0820c
1523,1523,0,0820c
1524,1524,0,0820c
1525,1525,0,0820c
1526,1526,0,0820c
1527,1527,0,0820c
1528,1528,0,0820c
1529,1529,0,0820c
1530,1530,0,0820c
1531,1531,0,0820c
1532,1532,0,0820c
1533,1533,0,0820c
1534,1534,0,0820c
1535,1535,0,0820c
1536,1536,0,0820c
1537,1537,0,0820c
1538,1538,0,0820c
1539,1539,0,0820c
1540,1540,0,0820c
1541,1541,0,0820c
1542,1542,0,0820c
1543,1543,0,0820c
1544,1544,0,0820c
1545,1545,0,0820c
1546,1546,0,0820c
1547,1547,0,0820c
1548,1548,0,0820c
1549,1549,0,0820c
1550,1550,0,0820c
1551,1551,0,0820c
1552,1552,0,0820c
1553,1553,0,0820c
1554,1554,0,0820c
1555,1555,0,0820c
1556,1556,0,0820c
1557,1557,0,0820c
1558,1558,0,0820c
1559,1559,0,0820c
1560,1560,0,0820c
1561,1561,0,0820c
1562,1562,0,0820c
1563,1563,0,0820c
1564,1564,0,0820c
1565,1565,0,0820c
1566,1566,0,0820c
1567,1567,0,0820c
1568,1568,0,0820c
1569,1569,0,0820c
1570,1570,0,0820c
1571,1571,0,0820c
1572,1572,0,0820c
1573,1573,0,0820c
1574,1574,0,0820c
1575,1575,0,0820c
1576,1576,0,0820c
1577,1577,0,0820c
1578,1578,0,0820c
1579,1579,0,0820c
1580,1580,0,0820c
1581,1581,0,0820c
1582,1582,0,0820c
1583,1583,0,0820c
1584,1584,0,0820c
1585,1585,0,0820c
1586,1586,0,0820c
1587,1587,0,0820c
1588,1588,0,0820c
1589,1589,0,0820c
1590,1590,0,0820c
1591,1591,0,0820c
1592,1592,0,0820c
1593,1593,0,0820c
1594,1594,0,0820c
1595,1595,0,0820c
1596,1596,0,0820c
1597,1597,0,0820c
1598,1598,0,0820c
1599,1599,0,0820c
1600,1600,0,0820c
1601,1601,0,0820c
1602,1602,0,0820c
1603,1603,0,0820c
1604,1604,0,0820c
1605,1605,0,0820c
1606,1606,0,0820c
1607,1607,0,0820c
1608,1608,0,0820c
1609,1609,0,0820c
1610,1610,0,0820c
1611,1611,0,0820c
1612,1612,0,0820c
1613,1613,0,0820c
1614,1614,0,0820c
1615,1615,0,0820c
1616,1616,0,0820c
1617,1617,0,0820c
1618,1618,0,0820c
1619,1619,0,0820c
1620,1620,0,0820c
1621,1621,0,0820c
1622,1622,0,0820c
1623,1623,0,0820c
1624,1624,0,0820c
1625,1625,0,0820c
1626,1626,0,0820c
1627,1627,0,0820c
1628,1628,0,0820c
1629,1629,0,0820c
1630,1630,0,0820c
1631,1631,0,0820c
1632,1632,0,0820c
1633,1633,0,0820c
1634,1634,0,0820c
1635,1635,0,0820c
1636,1636,0,0820c
1637,1637,0,0820c
1638,1638,0,0820c
1639,1639,0,0820c
1640,1640,0,0820c
1641,1641,0,0820c
1642,1642,0,0820c
1643,1643,0,0820c
1644,1644,0,0820c
1645,1645,0,0820c
1646,1646,0,0820c
1647,1647,0,0820c
1648,1648,0,0820c
1649,1649,0,0820c
1650,1650,0,0820c
1651,1651,0,0820c
1652,1652,0,0820c
1653,1653,0,0820c
1654,1654,0,0820c
1655,1655,0,0820c
1656,1656,0,0820c
1657,1657,0,0820c
1658,1658,0,0820c
1659,1659,0,0820c
1660,1660,0,0820c
1661,1661,0,0820c
1662,1662,0,0820c
1663,1663,0,0820c
1664,1664,0,0820c
1665,1665,0,0820c
1666,1666,0,0820c
1667,1667,0,0820c
1668,1668,0,0820c
1669,1669,0,0820c
1670,1670,0,0820c
1671,1671,0,0820c
1672,1672,0,0820c
1673,1673,0,0820c
1674,1674,0,0820c
1675,1675,0,0820c
1676,1676,0,0820c
1677,1677,0,0820c
1678,1678,0,0820c
1679,1679,0,0820c
1680,1680,0,0820c
1681,1681,0,0820c
1682,1682,0,0820c
1683,1683,0,0820c
1684,1684,0,0820c
1685,1685,0,0820c
1686,1686,0,0820c
1687,1687,0,0820c
1688,1688,0,0820c
1689,1689,0,0820c
1690,1690,0,0820c
1691,1691,0,0820c
1692,1692,0,0820c
1693,1693,0,0820c
1694,1694,0,0820c
1695,1695,0,0820c
1696,1696,0,0820c
1697,1697,0,0820c
1698,1698,0,0820c
1699,1699,0,0820c
1700,1700,0,0820c
1701,1701,0,0820c
1702,1702,0,0820c
1703,1703,0,0820c
1704,1704,0,0820c
1705,1705,0,0820c
1706,1706,0,0820c
1707,1707,0,0820c
1708,1708,0,0820c
1709,1709,0,0820c
1710,1710,0,0820c
1711,1711,0,0820c
1712,1712,0,0820c
1713,1713,0,0820c
1714,1714,0,0820c
1715,1715,0,0820c
1716,1716,0,0820c
1717,1717,0,0820c
1718,1718,0,0820c
1719,1719,0,0820c
1720,1720,0,0820c
1721,1721,0,0820c
1722,1722,0,0820c
1723,1723,0,0820c
1724,1724,0,0820c
1725,1725,0,0820c
1726,1726,0,0820c
1727,1727,0,0820c
1728,1728,0,0820c
1729,1729,0,0820c
1730,1730,0,0820c
1731,1731,0,0820c
1732,1732,0,0820c
1733,1733,0,0820c
1734,1734,0,0820c
1735,1735,0,0820c
1736,1736,0,0820c
1737,1737,0,0820c
1738,1738,0,0820c
1739,1739,0,0820c
1740,1740,0,0820c
1741,1741,0,0820c
1742,1742,0,0820c
1743,1743,0,0820c
1744,1744,0,0820c
1745,1745,0,0820c
1746,1746,0,0820c
1747,1747,0,0820c
1748,1748,0,0820c
1749,1749,0,0820c
1750,1750,0,0820c
1751,1751,0,0820c
1752,1752,0,0820c
1753,1753,0,0820c
1754,1754,0,0820c
1755,1755,0,0820c
1756,1756,0,0820c
1757,1757,0,0820c
1758,1758,0,0820c
1759,1759,0,0820c
1760,1760,0,0820c
1761,1761,0,0820c
1762,1762,0,0820c
1763,1763,0,0820c
1764,1764,0,0820c
1765,1765,0,0820c
1766,1766,0,0820c
1767,1767,0,0820c
1768,1768,0,0820c
1769,1769,0,0820c
1770,1770,0,0820c
1771,1771,0,0820c
1772,1772,0,0820c
1773,1773,0,0820c
1774,1774,0,0820c
1775,1775,0,0820c
1776,1776,0,0820c
1777,1777,0,0820c
1778,1778,0,0820c
1779,1779,0,0820c
1780,1780,0,0820c
1781,1781,0,0820c
1782,1782,0,0820c
1783,1783,0,0820c
1784,1784,0,0820c
1785,1785,0,0820c
1786,1786,0,0820c
1787,1787,0,0820c
1788,1788,0,0820c
1789,1789,0,0820c
1790,1790,0,0820c
1791,1791,0,0820c
1792,1792,0,0820c
1793,1793,0,0820c
1794,1794,0,0820c
1795,1795,0,0820c
1796,1796,0,0820c
1797,1797,0,0820c
1798,1798,0,0820c
1799,1799,0,0820c
1800,1800,0,0820c
1801,1801,0,0820c
1802,1802,0,0820c
1803,1803,0,0820c
1804,1804,0,0820c
1805,1805,0,0820c
1806,1806,0,0820c
1807,1807,0,0820c
1808,1808,0,0820c
1809,1809,0,0820c
1810,1810,0,0820c
1811,1811,0,0820c
1812,1812,0,0820c
1813,1813,0,0820c
1814,1814,0,0820c
1815,1815,0,0820c
1816,1816,0,0820c
1817,1817,0,0820c
1818,1818,0,0820c
1819,1819,0,0820c
1820,1820,0,0820c
1821,1821,0,0820c
1822,1822,0,0820c
1823,1823,0,0820c
1824,1824,0,0820c
1825,1825,0,0820c
1826,1826,0,0820c
1827,1827,0,0820c
1828,1828,0,0820c
1829,1829,0,0820c
1830,1830,0,0820c
1831,1831,0,0820c
1832,1832,0,0820c
1833,1833,0,0820c
1834,1834,0,0820c
1835,1835,0,0820c
1836,1836,0,0820c
1837,1837,0,0820c
1838,1838,0,0820c
1839,1839,0,0820c
1840,1840,0,0820c
1841,1841,0,0820c
1842,1842,0,0820c
1843,1843,0,0820c
1844,1844,0,0820c
1845,1845,0,0820c
1846,1846,0,0820c
1847,1847,0,0820c
1848,1848,0,0820c
1849,1849,0,0820c
1850,1850,0,0820c
1851,1851,0,0820c
1852,1852,0,0820c
1853,1853,0,0820c
1854,1854,0,0820c
1855,1855,0,0820c
1856,1856,0,0820c
1857,1857,0,0820c
1858,1858,0,0820c
1859,1859,0,0820c
1860,1860,0,0820c
1861,1861,0,0820c
1862,1862,0,0820c
1863,1863,0,0820c
1864,1864,0,0820c
1865,1865,0,0820c
1866,1866,0,0820c
1867,1867,0,0820c
1868,1868,0,0820c
1869,1869,0,0820c
1870,1870,0,0820c
1871,1871,0,0820c
1872,1872,0,0820c
1873,1873,0,0820c
1874,1874,0,0820c
1875,1875,0,0820c
1876,1876,0,0820c
1877,1877,0,0820c
1878,1878,0,0820c
1879,1879,0,0820c
1880,1880,0,0820c
1881,1881,0,0820c
1882,1882,0,0820c
1883,1883,0,0820c
1884,1884,0,0820c
1885,1885,0,0820c
1886,1886,0,0820c
1887,1887,0,0820c
1888,1888,0,0820c
1889,1889,0,0820c
1890,1890,0,0820c
1891,1891,0,0820c
1892,1892,0,0820c
1893,1893,0,0820c
1894,1894,0,0820c
1895,1895,0,0820c
1896,1896,0,0820c
1897,1897,0,0820c
1898,1898,0,0820c
1899,1899,0,0820c
1900,1900,0,0820c
1901,1901,0,0820c
1902,1902,0,0820c
1903,1903,0,0820c
1904,1904,0,0820c
1905,1905,0,0820c
1906,1906,0,0820c
1907,1907,0,0820c
1908,1908,0,0820c
1909,1909,0,0820c
1910,1910,0,0820c
1911,1911,0,0820c
1912,1912,0,0820c
1913,1913,0,0820c
1914,1914,0,0820c
1915,1915,0,0820c
1916,1916,0,0820c
1917,1917,0,0820c
1918,1918,0,0820c
1919,1919,0,0820c
1920,1920,0,0820c
1921,1921,0,0820c
1922,1922,0,0820c
1923,1923,0,0820c
1924,1924,0,0820c
1925,1925,0,0820c
1926,1926,0,0820c
1927,1927,0,0820c
1928,1928,0,0820c
1929,1929,0,0820c
1930,1930,0,0820c
1931,1931,0,0820c
1932,1932,0,0820c
1933,1933,0,0820c
1934,1934,0,0820c
1935,1935,0,0820c
1936,1936,0,0820c
1937,1937,0,0820c
1938,1938,0,0820c
1939,1939,0,0820c
1940,1940,0,0820c
1941,1941,0,0820c
1942,1942,0,0820c
1943,1943,0,0820c
1944,1944,0,0820c
1945,1945,0,0820c
1946,1946,0,0820c
1947,1947,0,0820c
1948,1948,0,0820c
1949,1949,0,0820c
1950,1950,0,0820c
1951,1951,0,0820c
1952,1952,0,0820c
1953,1953,0,0820c
1954,1954,0,0820c
1955,1955,0,0820c
1956,1956,0,0820c
1957,1957,0,0820c
1958,1958,0,0820c
1959,1959,0,0820c
1960,1960,0,0820c
1961,1961,0,0820c
1962,1962,0,0820c
1963,1963,0,0820c
1964,1964,0,0820c
1965,1965,0,0820c
1966,1966,0,0820c
1967,1967,0,0820c
1968,1968,0,0820c
1969,1969,0,0820c
1970,1970,0,0820c
1971,1971,0,0820c
1972,1972,0,0820c
1973,1973,0,0820c
1974,1974,0,0820c
1975,1975,0,0820c
1976,1976,0,0820c
1977,1977,0,0820c
1978,1978,0,0820c
1979,1979,0,0820c
1980,1980,0,0820c
1981,1981,0,0820c
1982,1982,0,0820c
1983,1983,0,0820c
1984,1984,0,0820c
1985,1985,0,0820c
1986,1986,0,0820c
1987,1987,0,0820c
1988,1988,0,0820c
1989,1989,0,0820c
1990,1990,0,0820c
1991,1991,0,0820c
1992,1992,0,0820c
1993,1993,0,0820c
1994,1994,0,0820c
1995,1995,0,0820c
1996,1996,0,0820c
1997,1997,0,0820c
1998,1998,0,0820c
1999,1999,0,0820c
2000,2000,0,0820c
2001,2001,0,0820c
2002,2002,0,0820c
2003,2003,0,0820c
2004,2004,0,0820c
2005,2005,0,0820c
2006,2006,0,0820c
2007,2007,0,0820c
2008,2008,0,0820c
2009,2009,0,0820c
2010,2010,0,0820c
2011,2011,0,0820c
2012,2012,0,0820c
2013,2013,0,0820c
2014,2014,0,0820c
2015,2015,0,0820c
2016,2016,0,0820c
2017,2017,0,0820c
2018,2018,0,0820c
2019,2019,0,0820c
2020,2020,0,0820c
2021,2021,0,0820c
2022,2022,0,0820c
2023,2023,0,0820c
2024,2024,0,0820c
2025,2025,0,0820c
2026,2026,0,0820c
2027,2027,0,0820c
2028,2028,0,0820c
2029,2029,0,0820c
2030,2030,0,0820c
2031,2031,0,0820c
2032,2032,0,0820c
2033,2033,0,0820c
2034,2034,0,0820c
2035,2035,0,0820c
2036,2036,0,0820c
2037,2037,0,0820c
2038,2038,0,0820c
2039,2039,0,0820c
2040,2040,0,0820c
2041,2041,0,0820c
2042,2042,0,0820c
2043,2043,0,0820c
2044,2044,0,0820c
2045,2045,0,0820c
2046,2046,0,0820c
2047,2047,0,0820c
2048,2048,1,0820c
2049,2049,0,0820c
2050,2050,0,0820c
2051,2051,0,0820c
2052,2052,0,0820c
2053,2053,0,0820c
2054,2054,0,0820c
2055,2055,0,0820c
2056,2056,0,0820c
2057,2057,0,0820c
2058,2058,0,0820c
2059,2059,0,0820c
2060,2060,0,0820c
2061,2061,0,0820c
2062,2062,0,0820c
2063,2063,0,0820c
2064,2064,0,0820c
2065,2065,0,0820c
2066,2066,0,0820c
2067,2067,0,0820c
2068,2068,0,0820c
2069,2069,0,0820c
2070,2070,0,0820c
2071,2071,0,0820c
2072,2072,0,0820c
2073,2073,0,0820c
2074,2074,0,0820c
2075,2075,0,0820c
2076,2076,0,0820c
2077,2077,0,0820c
2078,2078,0,0820c
2079,2079,0,0820c
2080,2080,0,0820c
2081,2081,0,0820c
2082,2082,0,0820c
2083,2083,0,0820c
2084,2084,0,0820c
2085,2085,0,0820c
2086,2086,0,0820c
2087,2087,0,0820c
2088,2088,0,0820c
2089,2089,0,0820c
2090,2090,0,0820c
2091,2091,0,0820c
2092,2092,0,0820c
2093,2093,0,0820c
2094,2094,0,0820c
2095,2095,0,0820c
2096,2096,0,0820c
2097,2097,0,0820c
2098,2098,0,0820c
2099,2099,0,0820c
2100,2100,0,0820c
2101,2101,0,0820c
2102,2102,0,0820c
2103,2103,0,0820c
2104,2104,0,0820c
2105,2105,0,0820c
2106,2106,0,0820c
2107,2107,0,0820c
2108,2108,0,0820c
2109,2109,0,0820c
2110,2110,0,0820c
2111,2111,0,0820c
2112,2112,0,0820c
2113,2113,0,0820c
2114,2114,0,0820c
2115,2115,0,0820c
2116,2116,0,0820c
2117,2117,0,0820c
2118,2118,0,0820c
2119,2119,0,0820c
2120,2120,0,0820c
2121,2121,0,0820c
2122,2122,0,0820c
2123,2123,0,0820c
2124,2124,0,0820c
2125,2125,0,0820c
2126,2126,0,0820c
2127,2127,0,0820c
2128,2128,0,0820c
2129,2129,0,0820c
2130,2130,0,0820c
2131,2131,0,0820c
2132,2132,0,0820c
2133,2133,0,0820c
2134,2134,0,0820c
2135,2135,0,0820c
2136,2136,0,0820c
2137,2137,0,0820c
2138,2138,0,0820c
2139,2139,0,0820c
2140,2140,0,0820c
2141,2141,0,0820c
2142,2142,0,0820c
2143,2143,0,0820c
2144,2144,0,0820c
2145,2145,0,0820c
2146,2146,0,0820c
2147,2147,0,0820c
2148,2148,0,0820c
2149,2149,0,0820c
2150,2150,0,0820c
2151,2151,0,0820c
2152,2152,0,0820c
2153,2153,0,0820c
2154,2154,0,0820c
2155,2155,0,0820c
2156,2156,0,0820c
2157,2157,0,0820c
2158,2158,0,0820c
2159,2159,0,0820c
2160,2160,0,0820c
2161,2161,0,0820c
2162,2162,0,0820c
2163,2163,0,0820c
2164,2164,0,0820c
2165,2165,0,0820c
2166,2166,0,0820c
2167,2167,0,0820c
2168,2168,0,0820c
2169,2169,0,0820c
2170,2170,0,0820c
2171,2171,0,0820c
2172,2172,0,0820c
2173,2173,0,0820c
2174,2174,0,0820c
2175,2175,0,0820c
2176,2176,0,0820c
2177,2177,0,0820c
2178,2178,0,0820c
2179,2179,0,0820c
2180,2180,0,0820c
2181,2181,0,0820c
2182,2182,0,0820c
2183,2183,0,0820c
2184,2184,0,0820c
2185,2185,0,0820c
2186,2186,0,0820c
2187,2187,0,0820c
2188,2188,0,0820c
2189,2189,0,0820c
2190,2190,0,0820c
2191,2191,0,0820c
2192,2192,0,0820c
2193,2193,0,0820c
2194,2194,0,0820c
2195,2195,0,0820c
2196,2196,0,0820c
2197,2197,0,0820c
2198,2198,0,0820c
2199,2199,0,0820c
2200,2200,0,0820c
2201,2201,0,0820c
2202,2202,0,0820c
2203,2203,0,0820c
2204,2204,0,0820c
2205,2205,0,0820c
2206,2206,0,0820c
2207,2207,0,0820c
2208,2208,0,0820c
2209,2209,0,0820c
2210,2210,0,0820c
2211,2211,0,0820c
2212,2212,0,0820c
2213,2213,0,0820c
2214,2214,0,0820c
2215,2215,0,0820c
2216,2216,0,0820c
2217,2217,0,0820c
2218,2218,0,0820c
2219,2219,0,0820c
2220,2220,0,0820c
2221,2221,0,0820c
2222,2222,0,0820c
2223,2223,0,0820c
2224,2224,0,0820c
2225,2225,0,0820c
2226,2226,0,0820c
2227,2227,0,0820c
2228,2228,0,0820c
2229,2229,0,0820c
2230,2230,0,0820c
2231,2231,0,0820c
2232,2232,0,0820c
2233,2233,0,0820c
2234,2234,0,0820c
2235,2235,0,0820c
2236,2236,0,0820c
2237,2237,0,0820c
2238,2238,0,0820c
2239,2239,0,0820c
2240,2240,0,0820c
2241,2241,0,0820c
2242,2242,0,0820c
2243,2243,0,0820c
2244,2244,0,0820c
2245,2245,0,0820c
2246,2246,0,0820c
2247,2247,0,0820c
2248,2248,0,0820c
2249,2249,0,0820c
2250,2250,0,0820c
2251,2251,0,0820c
2252,2252,0,0820c
2253,2253,0,0820c
2254,2254,0,0820c
2255,2255,0,0820c
2256,2256,0,0820c
2257,2257,0,0820c
2258,2258,0,0820c
2259,2259,0,0820c
2260,2260,0,0820c
2261,2261,0,0820c
2262,2262,0,0820c
2263,2263,0,0820c
2264,2264,0,0820c
2265,2265,0,0820c
2266,2266,0,0820c
2267,2267,0,0820c
2268,2268,0,0820c
2269,2269,0,0820c
2270,2270,0,0820c
2271,2271,0,0820c
2272,2272,0,0820c
2273,2273,0,0820c
2274,2274,0,0820c
2275,2275,0,0820c
2276,2276,0,0820c
2277,2277,0,0820c
2278,2278,0,0820c
2279,2279,0,0820c
2280,2280,0,0820c
2281,2281,0,0820c
2282,2282,0,0820c
2283,2283,0,0820c
2284,2284,0,0820c
2285,2285,0,0820c
2286,2286,0,0820c
2287,2287,0,0820c
2288,2288,0,0820c
2289,2289,0,0820c
2290,2290,0,0820c
2291,2291,0,0820c
2292,2292,0,0820c
2293,2293,0,0820c
2294,2294,0,0820c
2295,2295,0,0820c
2296,2296,0,0820c
2297,2297,0,0820c
2298,2298,0,0820c
2299,2299,0,0820c
2300,2300,0,0820c
2301,2301,0,0820c
2302,2302,0,0820c
2303,2303,0,0820c
2304,2304,0,0820c
2305,2305,0,0820c
2306,2306,0,0820c
2307,2307,0,0820c
2308,2308,0,0820c
2309,2309,0,0820c
2310,2310,0,0820c
2311,2311,0,0820c
2312,2312,0,0820c
2313,2313,0,0820c
2314,2314,0,0820c
2315,2315,0,0820c
2316,2316,0,0820c
2317,2317,0,0820c
2318,2318,0,0820c
2319,2319,0,0820c
2320,2320,0,0820c
2321,2321,0,0820c
2322,2322,0,0820c
2323,2323,0,0820c
2324,2324,0,0820c
2325,2325,0,0820c
2326,2326,0,0820c
2327,2327,0,0820c
2328,2328,0,0820c
2329,2329,0,0820c
2330,2330,0,0820c
2331,2331,0,0820c
2332,2332,0,0820c
2333,2333,0,0820c
2334,2334,0,0820c
2335,2335,0,0820c
2336,2336,0,0820c
2337,2337,0,0820c
2338,2338,0,0820c
2339,2339,0,0820c
2340,2340,0,0820c
2341,2341,0,0820c
2342,2342,0,0820c
2343,2343,0,0820c
2344,2344,0,0820c
2345,2345,0,0820c
2346,2346,0,0820c
2347,2347,0,0820c
2348,2348,0,0820c
2349,2349,0,0820c
2350,2350,0,0820c
2351,2351,0,0820c
2352,2352,0,0820c
2353,2353,0,0820c
2354,2354,0,0820c
2355,2355,0,0820c
2356,2356,0,0820c
2357,2357,0,0820c
2358,2358,0,0820c
2359,2359,0,0820c
2360,2360,0,0820c
2361,2361,0,0820c
2362,2362,0,0820c
2363,2363,0,0820c
2364,2364,0,0820c
2365,2365,0,0820c
2366,2366,0,0820c
2367,2367,0,0820c
2368,2368,0,0820c
2369,2369,0,0820c
2370,2370,0,0820c
2371,2371,0,0820c
2372,2372,0,0820c
2373,2373,0,0820c
2374,2374,0,0820c
2375,2375,0,0820c
2376,2376,0,0820c
2377,2377,0,0820c
2378,2378,0,0820c
2379,2379,0,0820c
2380,2380,0,0820c
2381,2381,0,0820c
2382,2382,0,0820c
2383,2383,0,0820c
2384,2384,0,0820c
2385,2385,0,0820c
2386,2386,0,0820c
2387,2387,0,0820c
2388,2388,0,0820c
2389,2389,0,0820c
2390,2390,0,0820c
2391,2391,0,0820c
2392,2392,0,0820c
2393,2393,0,0820c
2394,2394,0,0820c
2395,2395,0,0820c
2396,2396,0,0820c
2397,2397,0,0820c
2398,2398,0,0820c
2399,2399,0,0820c
2400,2400,0,0820c
2401,2401,0,0820c
2402,2402,0,0820c
2403,2403,0,0820c
2404,2404,0,0820c
2405,2405,0,0820c
2406,2406,0,0820c
2407,2407,0,0820c
2408,2408,0,0820c
2409,2409,0,0820c
2410,2410,0,0820c
2411,2411,0,0820c
2412,2412,0,0820c
2413,2413,0,0820c
2414,2414,0,0820c
2415,2415,0,0820c
2416,2416,0,0820c
2417,2417,0,0820c
2418,2418,0,0820c
2419,2419,0,0820c
2420,2420,0,0820c
2421,2421,0,0820c
2422,2422,0,0820c
2423,2423,0,0820c
2424,2424,0,0820c
2425,2425,0,0820c
2426,2426,0,0820c
2427,2427,0,0820c
2428,2428,0,0820c
2429,2429,0,0820c
2430,2430,0,0820c
2431,2431,0,0820c
2432,2432,0,0820c
2433,2433,0,0820c
2434,2434,0,0820c
2435,2435,0,0820c
2436,2436,0,0820c
2437,2437,0,0820c
2438,2438,0,0820c
2439,2439,0,0820c
2440,2440,0,0820c
2441,2441,0,0820c
2442,2442,0,0820c
2443,2443,0,0820c
2444,2444,0,0820c
2445,2445,0,0820c
2446,2446,0,0820c
2447,2447,0,0820c
2448,2448,0,0820c
2449,2449,0,0820c
2450,2450,0,0820c
2451,2451,0,0820c
2452,2452,0,0820c
2453,2453,0,0820c
2454,2454,0,0820c
2455,2455,0,0820c
2456,2456,0,0820c
2457,2457,0,0820c
2458,2458,0,0820c
2459,2459,0,0820c
2460,2460,0,0820c
2461,2461,0,0820c
2462,2462,0,0820c
2463,2463,0,0820c
2464,2464,0,0820c
2465,2465,0,0820c
2466,2466,0,0820c
2467,2467,0,0820c
2468,2468,0,0820c
2469,2469,0,0820c
2470,2470,0,0820c
2471,2471,0,0820c
2472,2472,0,0820c
2473,2473,0,0820c
2474,2474,0,0820c
2475,2475,0,0820c
2476,2476,0,0820c
2477,2477,0,0820c
2478,2478,0,0820c
2479,2479,0,0820c
2480,2480,0,0820c
2481,2481,0,0820c
2482,2482,0,0820c
2483,2483,0,0820c
2484,2484,0,0820c
2485,2485,0,0820c
2486,2486,0,0820c
2487,2487,0,0820c
2488,2488,0,0820c
2489,2489,0,0820c
2490,2490,0,0820c
2491,2491,0,0820c
2492,2492,0,0820c
2493,2493,0,0820c
2494,2494,0,0820c
2495,2495,0,0820c
2496,2496,0,0820c
2497,2497,0,0820c
2498,2498,0,0820c
2499,2499,0,0820c
2500,2500,0,0820c
2501,2501,0,0820c
2502,2502,0,0820c
2503,2503,0,0820c
2504,2504,0,0820c
2505,2505,0,0820c
2506,2506,0,0820c
2507,2507,0,0820c
2508,2508,0,0820c
2509,2509,0,0820c
2510,2510,0,0820c
2511,2511,0,0820c
2512,2512,0,0820c
2513,2513,0,0820c
2514,2514,0,0820c
2515,2515,0,0820c
2516,2516,0,0820c
2517,2517,0,0820c
2518,2518,0,0820c
2519,2519,0,0820c
2520,2520,0,0820c
2521,2521,0,0820c
2522,2522,0,0820c
2523,2523,0,0820c
2524,2524,0,0820c
2525,2525,0,0820c
2526,2526,0,0820c
2527,2527,0,0820c
2528,2528,0,0820c
2529,2529,0,0820c
2530,2530,0,0820c
2531,2531,0,0820c
2532,2532,0,0820c
2533,2533,0,0820c
2534,2534,0,0820c
2535,2535,0,0820c
2536,2536,0,0820c
2537,2537,0,0820c
2538,2538,0,0820c
2539,2539,0,0820c
2540,2540,0,0820c
2541,2541,0,0820c
2542,2542,0,0820c
2543,2543,0,0820c
2544,2544,0,0820c
2545,2545,0,0820c
2546,2546,0,0820c
2547,2547,0,0820c
2548,2548,0,0820c
2549,2549,0,0820c
2550,2550,0,0820c
2551,2551,0,0820c
2552,2552,0,0820c
2553,2553,0,0820c
2554,2554,0,0820c
2555,2555,0,0820c
2556,2556,0,0820c
2557,2557,0,0820c
2558,2558,0,0820c
2559,2559,0,0820c
2560,2560,0,0820c
2561,2561,0,0820c
2562,2562,0,0820c
2563,2563,0,0820c
2564,2564,0,0820c
2565,2565,0,0820c
2566,2566,0,0820c
2567,2567,0,0820c
2568,2568,0,0820c
2569,2569,0,0820c
2570,2570,0,0820c
2571,2571,0,0820c
2572,2572,0,0820c
2573,2573,0,0820c
2574,2574,0,0820c
2575,2575,0,0820c
2576,2576,0,0820c
2577,2577,0,0820c
2578,2578,0,0820c
2579,2579,0,0820c
2580,2580,0,0820c
2581,2581,0,0820c
2582,2582,0,0820c
2583,2583,0,0820c
2584,2584,0,0820c
2585,2585,0,0820c
2586,2586,0,0820c
2587,2587,0,0820c
2588,2588,0,0820c
2589,2589,0,0820c
2590,2590,0,0820c
2591,2591,0,0820c
2592,2592,0,0820c
2593,2593,0,0820c
2594,2594,0,0820c
2595,2595,0,0820c
2596,2596,0,0820c
2597,2597,0,0820c
2598,2598,0,0820c
2599,2599,0,0820c
2600,2600,0,0820c
2601,2601,0,0820c
2602,2602,0,0820c
2603,2603,0,0820c
2604,2604,0,0820c
2605,2605,0,0820c
2606,2606,0,0820c
2607,2607,0,0820c
2608,2608,0,0820c
2609,2609,0,0820c
2610,2610,0,0820c
2611,2611,0,0820c
2612,2612,0,0820c
2613,2613,0,0820c
2614,2614,0,0820c
2615,2615,0,0820c
2616,2616,0,0820c
2617,2617,0,0820c
2618,2618,0,0820c
2619,2619,0,0820c
2620,2620,0,0820c
2621,2621,0,0820c
2622,2622,0,0820c
2623,2623,0,0820c
2624,2624,0,0820c
2625,2625,0,0820c
2626,2626,0,0820c
2627,2627,0,0820c
2628,2628,0,0820c
2629,2629,0,0820c
2630,2630,0,0820c
2631,2631,0,0820c
2632,2632,0,0820c
2633,2633,0,0820c
2634,2634,0,0820c
2635,2635,0,0820c
2636,2636,0,0820c
2637,2637,0,0820c
2638,2638,0,0820c
2639,2639,0,0820c
2640,2640,0,0820c
2641,2641,0,0820c
2642,2642,0,0820c
2643,2643,0,0820c
2644,2644,0,0820c
2645,2645,0,0820c
2646,2646,0,0820c
2647,2647,0,0820c
2648,2648,0,0820c
2649,2649,0,0820c
2650,2650,0,0820c
2651,2651,0,0820c
2652,2652,0,0820c
2653,2653,0,0820c
2654,2654,0,0820c
2655,2655,0,0820c
2656,2656,0,0820c
2657,2657,0,0820c
2658,2658,0,0820c
2659,2659,0,0820c
2660,2660,0,0820c
2661,2661,0,0820c
2662,2662,0,0820c
2663,2663,0,0820c
2664,2664,0,0820c
2665,2665,0,0820c
2666,2666,0,0820c
2667,2667,0,0820c
2668,2668,0,0820c
2669,2669,0,0820c
2670,2670,0,0820c
2671,2671,0,0820c
2672,2672,0,0820c
2673,2673,0,0820c
2674,2674,0,0820c
2675,2675,0,0820c
2676,2676,0,0820c
2677,2677,0,0820c
2678,2678,0,0820c
2679,2679,0,0820c
2680,2680,0,0820c
2681,2681,0,0820c
2682,2682,0,0820c
2683,2683,0,0820c
2684,2684,0,0820c
2685,2685,0,0820c
2686,2686,0,0820c
2687,2687,0,0820c
2688,2688,0,0820c
2689,2689,0,0820c
2690,2690,0,0820c
2691,2691,0,0820c
2692,2692,0,0820c
2693,2693,0,0820c
2694,2694,0,0820c
2695,2695,0,0820c
2696,2696,0,0820c
2697,2697,0,0820c
2698,2698,0,0820c
2699,2699,0,0820c
2700,2700,0,0820c
2701,2701,0,0820c
2702,2702,0,0820c
2703,2703,0,0820c
2704,2704,0,0820c
2705,2705,0,0820c
2706,2706,0,0820c
2707,2707,0,0820c
2708,2708,0,0820c
2709,2709,0,0820c
2710,2710,0,0820c
2711,2711,0,0820c
2712,2712,0,0820c
2713,2713,0,0820c
2714,2714,0,0820c
2715,2715,0,0820c
2716,2716,0,0820c
2717,2717,0,0820c
2718,2718,0,0820c
2719,2719,0,0820c
2720,2720,0,0820c
2721,2721,0,0820c
2722,2722,0,0820c
2723,2723,0,0820c
2724,2724,0,0820c
2725,2725,0,0820c
2726,2726,0,0820c
2727,2727,0,0820c
2728,2728,0,0820c
2729,2729,0,0820c
2730,2730,0,0820c
2731,2731,0,0820c
2732,2732,0,0820c
2733,2733,0,0820c
2734,2734,0,0820c
2735,2735,0,0820c
2736,2736,0,0820c
2737,2737,0,0820c
2738,2738,0,0820c
2739,2739,0,0820c
2740,2740,0,0820c
2741,2741,0,0820c
2742,2742,0,0820c
2743,2743,0,0820c
2744,2744,0,0820c
2745,2745,0,0820c
2746,2746,0,0820c
2747,2747,0,0820c
2748,2748,0,0820c
2749,2749,0,0820c
2750,2750,0,0820c
2751,2751,0,0820c
2752,2752,0,0820c
2753,2753,0,0820c
2754,2754,0,0820c
2755,2755,0,0820c
2756,2756,0,0820c
2757,2757,0,0820c
2758,2758,0,0820c
2759,2759,0,0820c
2760,2760,0,0820c
2761,2761,0,0820c
2762,2762,0,0820c
2763,2763,0,0820c
2764,2764,0,0820c
2765,2765,0,0820c
2766,2766,0,0820c
2767,2767,0,0820c
2768,2768,0,0820c
2769,2769,0,0820c
2770,2770,0,0820c
2771,2771,0,0820c
2772,2772,0,0820c
2773,2773,0,0820c
2774,2774,0,0820c
2775,2775,0,0820c
2776,2776,0,0820c
2777,2777,0,0820c
2778,2778,0,0820c
2779,2779,0,0820c
2780,2780,0,0820c
2781,2781,0,0820c
2782,2782,0,0820c
2783,2783,0,0820c
2784,2784,0,0820c
2785,2785,0,0820c
2786,2786,0,0820c
2787,2787,0,0820c
2788,2788,0,0820c
2789,2789,0,0820c
2790,2790,0,0820c
2791,2791,0,0820c
2792,2792,0,0820c
2793,2793,0,0820c
2794,2794,0,0820c
2795,2795,0,0820c
2796,2796,0,0820c
2797,2797,0,0820c
2798,2798,0,0820c
2799,2799,0,0820c
2800,2800,0,0820c
2801,2801,0,0820c
2802,2802,0,0820c
2803,2803,0,0820c
2804,2804,0,0820c
2805,2805,0,0820c
2806,2806,0,0820c
2807,2807,0,0820c
2808,2808,0,0820c
2809,2809,0,0820c
2810,2810,0,0820c
2811,2811,0,0820c
2812,2812,0,0820c
2813,2813,0,0820c
2814,2814,0,0820c
2815,2815,0,0820c
2816,2816,0,0820c
2817,2817,0,0820c
2818,2818,0,0820c
2819,2819,0,0820c
2820,2820,0,0820c
2821,2821,0,0820c
2822,2822,0,0820c
2823,2823,0,0820c
2824,2824,0,0820c
2825,2825,0,0820c
2826,2826,0,0820c
2827,2827,0,0820c
2828,2828,0,0820c
2829,2829,0,0820c
2830,2830,0,0820c
2831,2831,0,0820c
2832,2832,0,0820c
2833,2833,0,0820c
2834,2834,0,0820c
2835,2835,0,0820c
2836,2836,0,0820c
2837,2837,0,0820c
2838,2838,0,0820c
2839,2839,0,0820c
2840,2840,0,0820c
2841,2841,0,0820c
2842,2842,0,0820c
2843,2843,0,0820c
2844,2844,0,0820c
2845,2845,0,0820c
2846,2846,0,0820c
2847,2847,0,0820c
2848,2848,0,0820c
2849,2849,0,0820c
2850,2850,0,0820c
2851,2851,0,0820c
2852,2852,0,0820c
2853,2853,0,0820c
2854,2854,0,0820c
2855,2855,0,0820c
2856,2856,0,0820c
2857,2857,0,0820c
2858,2858,0,0820c
2859,2859,0,0820c
2860,2860,0,0820c
2861,2861,0,0820c
2862,2862,0,0820c
2863,2863,0,0820c
2864,2864,0,0820c
2865,2865,0,0820c
2866,2866,0,0820c
2867,2867,0,0820c
2868,2868,0,0820c
2869,2869,0,0820c
2870,2870,0,0820c
2871,2871,0,0820c
2872,2872,0,0820c
2873,2873,0,0820c
2874,2874,0,0820c
2875,2875,0,0820c
2876,2876,0,0820c
2877,2877,0,0820c
2878,2878,0,0820c
2879,2879,0,0820c
2880,2880,0,0820c
2881,2881,0,0820c
2882,2882,0,0820c
2883,2883,0,0820c
2884,2884,0,0820c
2885,2885,0,0820c
2886,2886,0,0820c
2887,2887,0,0820c
2888,2888,0,0820c
2889,2889,0,0820c
2890,2890,0,0820c
2891,2891,0,0820c
2892,2892,0,0820c
2893,2893,0,0820c
2894,2894,0,0820c
2895,2895,0,0820c
2896,2896,0,0820c
2897,2897,0,0820c
2898,2898,0,0820c
2899,2899,0,0820c
2900,2900,0,0820c
2901,2901,0,0820c
2902,2902,0,0820c
2903,2903,0,0820c
2904,2904,0,0820c
2905,2905,0,0820c
2906,2906,0,0820c
2907,2907,0,0820c
2908,2908,0,0820c
2909,2909,0,0820c
2910,2910,0,0820c
2911,2911,0,0820c
2912,2912,0,0820c
2913,2913,0,0820c
2914,2914,0,0820c
2915,2915,0,0820c
2916,2916,0,0820c
2917,2917,0,0820c
2918,2918,0,0820c
2919,2919,0,0820c
2920,2920,0,0820c
2921,2921,0,0820c
2922,2922,0,0820c
2923,2923,0,0820c
2924,2924,0,0820c
2925,2925,0,0820c
2926,2926,0,0820c
2927,2927,0,0820c
2928,2928,0,0820c
2929,2929,0,0820c
2930,2930,0,0820c
2931,2931,0,0820c
2932,2932,0,0820c
2933,2933,0,0820c
2934,2934,0,0820c
2935,2935,0,0820c
2936,2936,0,0820c
2937,2937,0,0820c
2938,2938,0,0820c
2939,2939,0,0820c
2940,2940,0,0820c
2941,2941,0,0820c
2942,2942,0,0820c
2943,2943,0,0820c
2944,2944,0,0820c
2945,2945,0,0820c
2946,2946,0,0820c
2947,2947,0,0820c
2948,2948,0,0820c
2949,2949,0,0820c
2950,2950,0,0820c
2951,2951,0,0820c
2952,2952,0,0820c
2953,2953,0,0820c
2954,2954,0,0820c
2955,2955,0,0820c
2956,2956,0,0820c
2957,2957,0,0820c
2958,2958,0,0820c
2959,2959,0,0820c
2960,2960,0,0820c
2961,2961,0,0820c
2962,2962,0,0820c
2963,2963,0,0820c
2964,2964,0,0820c
2965,2965,0,0820c
2966,2966,0,0820c
2967,2967,0,0820c
2968,2968,0,0820c
2969,2969,0,0820c
2970,2970,0,0820c
2971,2971,0,0820c
2972,2972,0,0820c
2973,2973,0,0820c
2974,2974,0,0820c
2975,2975,0,0820c
2976,2976,0,0820c
2977,2977,0,0820c
2978,2978,0,0820c
2979,2979,0,0820c
2980,2980,0,0820c
2981,2981,0,0820c
2982,2982,0,0820c
2983,2983,0,0820c
2984,2984,0,0820c
2985,2985,0,0820c
2986,2986,0,0820c
2987,2987,0,0820c
2988,2988,0,0820c
2989,2989,0,0820c
2990,2990,0,0820c
2991,2991,0,0820c
2992,2992,0,0820c
2993,2993,0,0820c
2994,2994,0,0820c
2995,2995,0,0820c
2996,2996,0,0820c
2997,2997,0,0820c
2998,2998,0,0820c
2999,2999,0,0820c
3000,3000,0,0820c
3001,3001,0,0820c
3002,3002,0,0820c
3003,3003,0,0820c
3004,3004,0,0820c
3005,3005,0,0820c
3006,3006,0,0820c
3007,3007,0,0820c
3008,3008,0,0820c
3009,3009,0,0820c
3010,3010,0,0820c
3011,3011,0,0820c
3012,3012,0,0820c
3013,3013,0,0820c
3014,3014,0,0820c
3015,3015,0,0820c
3016,3016,0,0820c
3017,3017,0,0820c
3018,3018,0,0820c
3019,3019,0,0820c
3020,3020,0,0820c
3021,3021,0,0820c
3022,3022,0,0820c
3023,3023,0,0820c
3024,3024,0,0820c
3025,3025,0,0820c
3026,3026,0,0820c
3027,3027,0,0820c
3028,3028,0,0820c
3029,3029,0,0820c
3030,3030,0,0820c
3031,3031,0,0820c
3032,3032,0,0820c
3033,3033,0,0820c
3034,3034,0,0820c
3035,3035,0,0820c
3036,3036,0,0820c
3037,3037,0,0820c
3038,3038,0,0820c
3039,3039,0,0820c
3040,3040,0,0820c
3041,3041,0,0820c
3042,3042,0,0820c
3043,3043,0,0820c
3044,3044,0,0820c
3045,3045,0,0820c
3046,3046,0,0820c
3047,3047,0,0820c
3048,3048,0,0820c
3049,3049,0,0820c
3050,3050,0,0820c
3051,3051,0,0820c
3052,3052,0,0820c
3053,3053,0,0820c
3054,3054,0,0820c
3055,3055,0,0820c
3056,3056,0,0820c
3057,3057,0,0820c
3058,3058,0,0820c
3059,3059,0,0820c
3060,3060,0,0820c
3061,3061,0,0820c
3062,3062,0,0820c
3063,3063,0,0820c
3064,3064,0,0820c
3065,3065,0,0820c
3066,3066,0,0820c
3067,3067,0,0820c
3068,3068,0,0820c
3069,3069,0,0820c
3070,3070,0,0820c
3071,3071,0,0820c
3072,3072,0,0820c
3073,3073,0,0820c
3074,3074,0,0820c
3075,3075,0,0820c
3076,3076,0,0820c
3077,3077,0,0820c
3078,3078,0,0820c
3079,3079,0,0820c
3080,3080,0,0820c
3081,3081,0,0820c
3082,3082,0,0820c
3083,3083,0,0820c
3084,3084,0,0820c
3085,3085,0,0820c
3086,3086,0,0820c
3087,3087,0,0820c
3088,3088,0,0820c
3089,3089,0,0820c
3090,3090,0,0820c
3091,3091,0,0820c
3092,3092,0,0820c
3093,3093,0,0820c
3094,3094,0,0820c
3095,3095,0,0820c
3096,3096,0,0820c
3097,3097,0,0820c
3098,3098,0,0820c
3099,3099,0,0820c
3100,3100,0,0820c
3101,3101,0,0820c
3102,3102,0,0820c
3103,3103,0,0820c
3104,3104,0,0820c
3105,3105,0,0820c
3106,3106,0,0820c
3107,3107,0,0820c
3108,3108,0,0820c
3109,3109,0,0820c
3110,3110,0,0820c
3111,3111,0,0820c
3112,3112,0,0820c
3113,3113,0,0820c
3114,3114,0,0820c
3115,3115,0,0820c
3116,3116,0,0820c
3117,3117,0,0820c
3118,3118,0,0820c
3119,3119,0,0820c
3120,3120,0,0820c
3121,3121,0,0820c
3122,3122,0,0820c
3123,3123,0,0820c
3124,3124,0,0820c
3125,3125,0,0820c
3126,3126,0,0820c
3127,3127,0,0820c
3128,3128,0,0820c
3129,3129,0,0820c
3130,3130,0,0820c
3131,3131,0,0820c
3132,3132,0,0820c
3133,3133,0,0820c
3134,3134,0,0820c
3135,3135,0,0820c
3136,3136,0,0820c
3137,3137,0,0820c
3138,3138,0,0820c
3139,3139,0,0820c
3140,3140,0,0820c
3141,3141,0,0820c
3142,3142,0,0820c
3143,3143,0,0820c
3144,3144,0,0820c
3145,3145,0,0820c
3146,3146,0,0820c
3147,3147,0,0820c
3148,3148,0,0820c
3149,3149,0,0820c
3150,3150,0,0820c
3151,3151,0,0820c
3152,3152,0,0820c
3153,3153,0,0820c
3154,3154,0,0820c
3155,3155,0,0820c
3156,3156,0,0820c
3157,3157,0,0820c
3158,3158,0,0820c
3159,3159,0,0820c
3160,3160,0,0820c
3161,3161,0,0820c
3162,3162,0,0820c
3163,3163,0,0820c
3164,3164,0,0820c
3165,3165,0,0820c
3166,3166,0,0820c
3167,3167,0,0820c
3168,3168,0,0820c
3169,3169,0,0820c
3170,3170,0,0820c
3171,3171,0,0820c
3172,3172,0,0820c
3173,3173,0,0820c
3174,3174,0,0820c
3175,3175,0,0820c
3176,3176,0,0820c
3177,3177,0,0820c
3178,3178,0,0820c
3179,3179,0,0820c
3180,3180,0,0820c
3181,3181,0,0820c
3182,3182,0,0820c
3183,3183,0,0820c
3184,3184,0,0820c
3185,3185,0,0820c
3186,3186,0,0820c
3187,3187,0,0820c
3188,3188,0,0820c
3189,3189,0,0820c
3190,3190,0,0820c
3191,3191,0,0820c
3192,3192,0,0820c
3193,3193,0,0820c
3194,3194,0,0820c
3195,3195,0,0820c
3196,3196,0,0820c
3197,3197,0,0820c
3198,3198,0,0820c
3199,3199,0,0820c
3200,3200,0,0820c
3201,3201,0,0820c
3202,3202,0,0820c
3203,3203,0,0820c
3204,3204,0,0820c
3205,3205,0,0820c
3206,3206,0,0820c
3207,3207,0,0820c
3208,3208,0,0820c
3209,3209,0,0820c
3210,3210,0,0820c
3211,3211,0,0820c
3212,3212,0,0820c
3213,3213,0,0820c
3214,3214,0,0820c
3215,3215,0,0820c
3216,3216,0,0820c
3217,3217,0,0820c
3218,3218,0,0820c
3219,3219,0,0820c
3220,3220,0,0820c
3221,3221,0,0820c
3222,3222,0,0820c
3223,3223,0,0820c
3224,3224,0,0820c
3225,3225,0,0820c
3226,3226,0,0820c
3227,3227,0,0820c
3228,3228,0,0820c
3229,3229,0,0820c
3230,3230,0,0820c
3231,3231,0,0820c
3232,3232,0,0820c
3233,3233,0,0820c
3234,3234,0,0820c
3235,3235,0,0820c
3236,3236,0,0820c
3237,3237,0,0820c
3238,3238,0,0820c
3239,3239,0,0820c
3240,3240,0,0820c
3241,3241,0,0820c
3242,3242,0,0820c
3243,3243,0,0820c
3244,3244,0,0820c
3245,3245,0,0820c
3246,3246,0,0820c
3247,3247,0,0820c
3248,3248,0,0820c
3249,3249,0,0820c
3250,3250,0,0820c
3251,3251,0,0820c
3252,3252,0,0820c
3253,3253,0,0820c
3254,3254,0,0820c
3255,3255,0,0820c
3256,3256,0,0820c
3257,3257,0,0820c
3258,3258,0,0820c
3259,3259,0,0820c
3260,3260,0,0820c
3261,3261,0,0820c
3262,3262,0,0820c
3263,3263,0,0820c
3264,3264,0,0820c
3265,3265,0,0820c
3266,3266,0,0820c
3267,3267,0,0820c
3268,3268,0,0820c
3269,3269,0,0820c
3270,3270,0,0820c
3271,3271,0,0820c
3272,3272,0,0820c
3273,3273,0,0820c
3274,3274,0,0820c
3275,3275,0,0820c
3276,3276,0,0820c
3277,3277,0,0820c
3278,3278,0,0820c
3279,3279,0,0820c
3280,3280,0,0820c
3281,3281,0,0820c
3282,3282,0,0820c
3283,3283,0,0820c
3284,3284,0,0820c
3285,3285,0,0820c
3286,3286,0,0820c
3287,3287,0,0820c
3288,3288,0,0820c
3289,3289,0,0820c
3290,3290,0,0820c
3291,3291,0,0820c
3292,3292,0,0820c
3293,3293,0,0820c
3294,3294,0,0820c
3295,3295,0,0820c
3296,3296,0,0820c
3297,3297,0,0820c
3298,3298,0,0820c
3299,3299,0,0820c
3300,3300,0,0820c
3301,3301,0,0820c
3302,3302,0,0820c
3303,3303,0,0820c
3304,3304,0,0820c
3305,3305,0,0820c
3306,3306,0,0820c
3307,3307,0,0820c
3308,3308,0,0820c
3309,3309,0,0820c
3310,3310,0,0820c
3311,3311,0,0820c
3312,3312,0,0820c
3313,3313,0,0820c
3314,3314,0,0820c
3315,3315,0,0820c
3316,3316,0,0820c
3317,3317,0,0820c
3318,3318,0,0820c
3319,3319,0,0820c
3320,3320,0,0820c
3321,3321,0,0820c
3322,3322,0,0820c
3323,3323,0,0820c
3324,3324,0,0820c
3325,3325,0,0820c
3326,3326,0,0820c
3327,3327,0,0820c
3328,3328,0,0820c
3329,3329,0,0820c
3330,3330,0,0820c
3331,3331,0,0820c
3332,3332,0,0820c
3333,3333,0,0820c
3334,3334,0,0820c
3335,3335,0,0820c
3336,3336,0,0820c
3337,3337,0,0820c
3338,3338,0,0820c
3339,3339,0,0820c
3340,3340,0,0820c
3341,3341,0,0820c
3342,3342,0,0820c
3343,3343,0,0820c
3344,3344,0,0820c
3345,3345,0,0820c
3346,3346,0,0820c
3347,3347,0,0820c
3348,3348,0,0820c
3349,3349,0,0820c
3350,3350,0,0820c
3351,3351,0,0820c
3352,3352,0,0820c
3353,3353,0,0820c
3354,3354,0,0820c
3355,3355,0,0820c
3356,3356,0,0820c
3357,3357,0,0820c
3358,3358,0,0820c
3359,3359,0,0820c
3360,3360,0,0820c
3361,3361,0,0820c
3362,3362,0,0820c
3363,3363,0,0820c
3364,3364,0,0820c
3365,3365,0,0820c
3366,3366,0,0820c
3367,3367,0,0820c
3368,3368,0,0820c
3369,3369,0,0820c
3370,3370,0,0820c
3371,3371,0,0820c
3372,3372,0,0820c
3373,3373,0,0820c
3374,3374,0,0820c
3375,3375,0,0820c
3376,3376,0,0820c
3377,3377,0,0820c
3378,3378,0,0820c
3379,3379,0,0820c
3380,3380,0,0820c
3381,3381,0,0820c
3382,3382,0,0820c
3383,3383,0,0820c
3384,3384,0,0820c
3385,3385,0,0820c
3386,3386,0,0820c
3387,3387,0,0820c
3388,3388,0,0820c
3389,3389,0,0820c
3390,3390,0,0820c
3391,3391,0,0820c
3392,3392,0,0820c
3393,3393,0,0820c
3394,3394,0,0820c
3395,3395,0,0820c
3396,3396,0,0820c
3397,3397,0,0820c
3398,3398,0,0820c
3399,3399,0,0820c
3400,3400,0,0820c
3401,3401,0,0820c
3402,3402,0,0820c
3403,3403,0,0820c
3404,3404,0,0820c
3405,3405,0,0820c
3406,3406,0,0820c
3407,3407,0,0820c
3408,3408,0,0820c
3409,3409,0,0820c
3410,3410,0,0820c
3411,3411,0,0820c
3412,3412,0,0820c
3413,3413,0,0820c
3414,3414,0,0820c
3415,3415,0,0820c
3416,3416,0,0820c
3417,3417,0,0820c
3418,3418,0,0820c
3419,3419,0,0820c
3420,3420,0,0820c
3421,3421,0,0820c
3422,3422,0,0820c
3423,3423,0,0820c
3424,3424,0,0820c
3425,3425,0,0820c
3426,3426,0,0820c
3427,3427,0,0820c
3428,3428,0,0820c
3429,3429,0,0820c
3430,3430,0,0820c
3431,3431,0,0820c
3432,3432,0,0820c
3433,3433,0,0820c
3434,3434,0,0820c
3435,3435,0,0820c
3436,3436,0,0820c
3437,3437,0,0820c
3438,3438,0,0820c
3439,3439,0,0820c
3440,3440,0,0820c
3441,3441,0,0820c
3442,3442,0,0820c
3443,3443,0,0820c
3444,3444,0,0820c
3445,3445,0,0820c
3446,3446,0,0820c
3447,3447,0,0820c
3448,3448,0,0820c
3449,3449,0,0820c
3450,3450,0,0820c
3451,3451,0,0820c
3452,3452,0,0820c
3453,3453,0,0820c
3454,3454,0,0820c
3455,3455,0,0820c
3456,3456,0,0820c
3457,3457,0,0820c
3458,3458,0,0820c
3459,3459,0,0820c
3460,3460,0,0820c
3461,3461,0,0820c
3462,3462,0,0820c
3463,3463,0,0820c
3464,3464,0,0820c
3465,3465,0,0820c
3466,3466,0,0820c
3467,3467,0,0820c
3468,3468,0,0820c
3469,3469,0,0820c
3470,3470,0,0820c
3471,3471,0,0820c
3472,3472,0,0820c
3473,3473,0,0820c
3474,3474,0,0820c
3475,3475,0,0820c
3476,3476,0,0820c
3477,3477,0,0820c
3478,3478,0,0820c
3479,3479,0,0820c
3480,3480,0,0820c
3481,3481,0,0820c
3482,3482,0,0820c
3483,3483,0,0820c
3484,3484,0,0820c
3485,3485,0,0820c
3486,3486,0,0820c
3487,3487,0,0820c
3488,3488,0,0820c
3489,3489,0,0820c
3490,3490,0,0820c
3491,3491,0,0820c
3492,3492,0,0820c
3493,3493,0,0820c
3494,3494,0,0820c
3495,3495,0,0820c
3496,3496,0,0820c
3497,3497,0,0820c
3498,3498,0,0820c
3499,3499,0,0820c
3500,3500,0,0820c
3501,3501,0,0820c
3502,3502,0,0820c
3503,3503,0,0820c
3504,3504,0,0820c
3505,3505,0,0820c
3506,3506,0,0820c
3507,3507,0,0820c
3508,3508,0,0820c
3509,3509,0,0820c
3510,3510,0,0820c
3511,3511,0,0820c
3512,3512,0,0820c
3513,3513,0,0820c
3514,3514,0,0820c
3515,3515,0,0820c
3516,3516,0,0820c
3517,3517,0,0820c
3518,3518,0,0820c
3519,3519,0,0820c
3520,3520,0,0820c
3521,3521,0,0820c
3522,3522,0,0820c
3523,3523,0,0820c
3524,3524,0,0820c
3525,3525,0,0820c
3526,3526,0,0820c
3527,3527,0,0820c
3528,3528,0,0820c
3529,3529,0,0820c
3530,3530,0,0820c
3531,3531,0,0820c
3532,3532,0,0820c
3533,3533,0,0820c
3534,3534,0,0820c
3535,3535,0,0820c
3536,3536,0,0820c
3537,3537,0,0820c
3538,3538,0,0820c
3539,3539,0,0820c
3540,3540,0,0820c
3541,3541,0,0820c
3542,3542,0,0820c
3543,3543,0,0820c
3544,3544,0,0820c
3545,3545,0,0820c
3546,3546,0,0820c
3547,3547,0,0820c
3548,3548,0,0820c
3549,3549,0,0820c
3550,3550,0,0820c
3551,3551,0,0820c
3552,3552,0,0820c
3553,3553,0,0820c
3554,3554,0,0820c
3555,3555,0,0820c
3556,3556,0,0820c
3557,3557,0,0820c
3558,3558,0,0820c
3559,3559,0,0820c
3560,3560,0,0820c
3561,3561,0,0820c
3562,3562,0,0820c
3563,3563,0,0820c
3564,3564,0,0820c
3565,3565,0,0820c
3566,3566,0,0820c
3567,3567,0,0820c
3568,3568,0,0820c
3569,3569,0,0820c
3570,3570,0,0820c
3571,3571,0,0820c
3572,3572,0,0820c
3573,3573,0,0820c
3574,3574,0,0820c
3575,3575,0,0820c
3576,3576,0,0820c
3577,3577,0,0820c
3578,3578,0,0820c
3579,3579,0,0820c
3580,3580,0,0820c
3581,3581,0,0820c
3582,3582,0,0820c
3583,3583,0,0820c
3584,3584,0,0820c
3585,3585,0,0820c
3586,3586,0,0820c
3587,3587,0,0820c
3588,3588,0,0820c
3589,3589,0,0820c
3590,3590,0,0820c
3591,3591,0,0820c
3592,3592,0,0820c
3593,3593,0,0820c
3594,3594,0,0820c
3595,3595,0,0820c
3596,3596,0,0820c
3597,3597,0,0820c
3598,3598,0,0820c
3599,3599,0,0820c
3600,3600,0,0820c
3601,3601,0,0820c
3602,3602,0,0820c
3603,3603,0,0820c
3604,3604,0,0820c
3605,3605,0,0820c
3606,3606,0,0820c
3607,3607,0,0820c
3608,3608,0,0820c
3609,3609,0,0820c
3610,3610,0,0820c
3611,3611,0,0820c
3612,3612,0,0820c
3613,3613,0,0820c
3614,3614,0,0820c
3615,3615,0,0820c
3616,3616,0,0820c
3617,3617,0,0820c
3618,3618,0,0820c
3619,3619,0,0820c
3620,3620,0,0820c
3621,3621,0,0820c
3622,3622,0,0820c
3623,3623,0,0820c
3624,3624,0,0820c
3625,3625,0,0820c
3626,3626,0,0820c
3627,3627,0,0820c
3628,3628,0,0820c
3629,3629,0,0820c
3630,3630,0,0820c
3631,3631,0,0820c
3632,3632,0,0820c
3633,3633,0,0820c
3634,3634,0,0820c
3635,3635,0,0820c
3636,3636,0,0820c
3637,3637,0,0820c
3638,3638,0,0820c
3639,3639,0,0820c
3640,3640,0,0820c
3641,3641,0,0820c
3642,3642,0,0820c
3643,3643,0,0820c
3644,3644,0,0820c
3645,3645,0,0820c
3646,3646,0,0820c
3647,3647,0,0820c
3648,3648,0,0820c
3649,3649,0,0820c
3650,3650,0,0820c
3651,3651,0,0820c
3652,3652,0,0820c
3653,3653,0,0820c
3654,3654,0,0820c
3655,3655,0,0820c
3656,3656,0,0820c
3657,3657,0,0820c
3658,3658,0,0820c
3659,3659,0,0820c
3660,3660,0,0820c
3661,3661,0,0820c
3662,3662,0,0820c
3663,3663,0,0820c
3664,3664,0,0820c
3665,3665,0,0820c
3666,3666,0,0820c
3667,3667,0,0820c
3668,3668,0,0820c
3669,3669,0,0820c
3670,3670,0,0820c
3671,3671,0,0820c
3672,3672,0,0820c
3673,3673,0,0820c
3674,3674,0,0820c
3675,3675,0,0820c
3676,3676,0,0820c
3677,3677,0,0820c
3678,3678,0,0820c
3679,3679,0,0820c
3680,3680,0,0820c
3681,3681,0,0820c
3682,3682,0,0820c
3683,3683,0,0820c
3684,3684,0,0820c
3685,3685,0,0820c
3686,3686,0,0820c
3687,3687,0,0820c
3688,3688,0,0820c
3689,3689,0,0820c
3690,3690,0,0820c
3691,3691,0,0820c
3692,3692,0,0820c
3693,3693,0,0820c
3694,3694,0,0820c
3695,3695,0,0820c
3696,3696,0,0820c
3697,3697,0,0820c
3698,3698,0,0820c
3699,3699,0,0820c
3700,3700,0,0820c
3701,3701,0,0820c
3702,3702,0,0820c
3703,3703,0,0820c
3704,3704,0,0820c
3705,3705,0,0820c
3706,3706,0,0820c
3707,3707,0,0820c
3708,3708,0,0820c
3709,3709,0,0820c
3710,3710,0,0820c
3711,3711,0,0820c
3712,3712,0,0820c
3713,3713,0,0820c
3714,3714,0,0820c
3715,3715,0,0820c
3716,3716,0,0820c
3717,3717,0,0820c
3718,3718,0,0820c
3719,3719,0,0820c
3720,3720,0,0820c
3721,3721,0,0820c
3722,3722,0,0820c
3723,3723,0,0820c
3724,3724,0,0820c
3725,3725,0,0820c
3726,3726,0,0820c
3727,3727,0,0820c
3728,3728,0,0820c
3729,3729,0,0820c
3730,3730,0,0820c
3731,3731,0,0820c
3732,3732,0,0820c
3733,3733,0,0820c
3734,3734,0,0820c
3735,3735,0,0820c
3736,3736,0,0820c
3737,3737,0,0820c
3738,3738,0,0820c
3739,3739,0,0820c
3740,3740,0,0820c
3741,3741,0,0820c
3742,3742,0,0820c
3743,3743,0,0820c
3744,3744,0,0820c
3745,3745,0,0820c
3746,3746,0,0820c
3747,3747,0,0820c
3748,3748,0,0820c
3749,3749,0,0820c
3750,3750,0,0820c
3751,3751,0,0820c
3752,3752,0,0820c
3753,3753,0,0820c
3754,3754,0,0820c
3755,3755,0,0820c
3756,3756,0,0820c
3757,3757,0,0820c
3758,3758,0,0820c
3759,3759,0,0820c
3760,3760,0,0820c
3761,3761,0,0820c
3762,3762,0,0820c
3763,3763,0,0820c
3764,3764,0,0820c
3765,3765,0,0820c
3766,3766,0,0820c
3767,3767,0,0820c
3768,3768,0,0820c
3769,3769,0,0820c
3770,3770,0,0820c
3771,3771,0,0820c
3772,3772,0,0820c
3773,3773,0,0820c
3774,3774,0,0820c
3775,3775,0,0820c
3776,3776,0,0820c
3777,3777,0,0820c
3778,3778,0,0820c
3779,3779,0,0820c
3780,3780,0,0820c
3781,3781,0,0820c
3782,3782,0,0820c
3783,3783,0,0820c
3784,3784,0,0820c
3785,3785,0,0820c
3786,3786,0,0820c
3787,3787,0,0820c
3788,3788,0,0820c
3789,3789,0,0820c
3790,3790,0,0820c
3791,3791,0,0820c
3792,3792,0,0820c
3793,3793,0,0820c
3794,3794,0,0820c
3795,3795,0,0820c
3796,3796,0,0820c
3797,3797,0,0820c
3798,3798,0,0820c
3799,3799,0,0820c
3800,3800,0,0820c
3801,3801,0,0820c
3802,3802,0,0820c
3803,3803,0,0820c
3804,3804,0,0820c
3805,3805,0,0820c
3806,3806,0,0820c
3807,3807,0,0820c
3808,3808,0,0820c
3809,3809,0,0820c
3810,3810,0,0820c
3811,3811,0,0820c
3812,3812,0,0820c
3813,3813,0,0820c
3814,3814,0,0820c
3815,3815,0,0820c
3816,3816,0,0820c
3817,3817,0,0820c
3818,3818,0,0820c
3819,3819,0,0820c
3820,3820,0,0820c
3821,3821,0,0820c
3822,3822,0,0820c
3823,3823,0,0820c
3824,3824,0,0820c
3825,3825,0,0820c
3826,3826,0,0820c
3827,3827,0,0820c
3828,3828,0,0820c
3829,3829,0,0820c
3830,3830,0,0820c
3831,3831,0,0820c
3832,3832,0,0820c
3833,3833,0,0820c
3834,3834,0,0820c
3835,3835,0,0820c
3836,3836,0,0820c
3837,3837,0,0820c
3838,3838,0,0820c
3839,3839,0,0820c
3840,3840,0,0820c
3841,3841,0,0820c
3842,3842,0,0820c
3843,3843,0,0820c
3844,3844,0,0820c
3845,3845,0,0820c
3846,3846,0,0820c
3847,3847,0,0820c
3848,3848,0,0820c
3849,3849,0,0820c
3850,3850,0,0820c
3851,3851,0,0820c
3852,3852,0,0820c
3853,3853,0,0820c
3854,3854,0,0820c
3855,3855,0,0820c
3856,3856,0,0820c
3857,3857,0,0820c
3858,3858,0,0820c
3859,3859,0,0820c
3860,3860,0,0820c
3861,3861,0,0820c
3862,3862,0,0820c
3863,3863,0,0820c
3864,3864,0,0820c
3865,3865,0,0820c
3866,3866,0,0820c
3867,3867,0,0820c
3868,3868,0,0820c
3869,3869,0,0820c
3870,3870,0,0820c
3871,3871,0,0820c
3872,3872,0,0820c
3873,3873,0,0820c
3874,3874,0,0820c
3875,3875,0,0820c
3876,3876,0,0820c
3877,3877,0,0820c
3878,3878,0,0820c
3879,3879,0,0820c
3880,3880,0,0820c
3881,3881,0,0820c
3882,3882,0,0820c
3883,3883,0,0820c
3884,3884,0,0820c
3885,3885,0,0820c
3886,3886,0,0820c
3887,3887,0,0820c
3888,3888,0,0820c
3889,3889,0,0820c
3890,3890,0,0820c
3891,3891,0,0820c
3892,3892,0,0820c
3893,3893,0,0820c
3894,3894,0,0820c
3895,3895,0,0820c
3896,3896,0,0820c
3897,3897,0,0820c
3898,3898,0,0820c
3899,3899,0,0820c
3900,3900,0,0820c
3901,3901,0,0820c
3902,3902,0,0820c
3903,3903,0,0820c
3904,3904,0,0820c
3905,3905,0,0820c
3906,3906,0,0820c
3907,3907,0,0820c
3908,3908,0,0820c
3909,3909,0,0820c
3910,3910,0,0820c
3911,3911,0,0820c
3912,3912,0,0820c
3913,3913,0,0820c
3914,3914,0,0820c
3915,3915,0,0820c
3916,3916,0,0820c
3917,3917,0,0820c
3918,3918,0,0820c
3919,3919,0,0820c
3920,3920,0,0820c
3921,3921,0,0820c
3922,3922,0,0820c
3923,3923,0,0820c
3924,3924,0,0820c
3925,3925,0,0820c
3926,3926,0,0820c
3927,3927,0,0820c
3928,3928,0,0820c
3929,3929,0,0820c
3930,3930,0,0820c
3931,3931,0,0820c
3932,3932,0,0820c
3933,3933,0,0820c
3934,3934,0,0820c
3935,3935,0,0820c
3936,3936,0,0820c
3937,3937,0,0820c
3938,3938,0,0820c
3939,3939,0,0820c
3940,3940,0,0820c
3941,3941,0,0820c
3942,3942,0,0820c
3943,3943,0,0820c
3944,3944,0,0820c
3945,3945,0,0820c
3946,3946,0,0820c
3947,3947,0,0820c
3948,3948,0,0820c
3949,3949,0,0820c
3950,3950,0,0820c
3951,3951,0,0820c
3952,3952,0,0820c
3953,3953,0,0820c
3954,3954,0,0820c
3955,3955,0,0820c
3956,3956,0,0820c
3957,3957,0,0820c
3958,3958,0,0820c
3959,3959,0,0820c
3960,3960,0,0820c
3961,3961,0,0820c
3962,3962,0,0820c
3963,3963,0,0820c
3964,3964,0,0820c
3965,3965,0,0820c
3966,3966,0,0820c
3967,3967,0,0820c
3968,3968,0,0820c
3969,3969,0,0820c
3970,3970,0,0820c
3971,3971,0,0820c
3972,3972,0,0820c
3973,3973,0,0820c
3974,3974,0,0820c
3975,3975,0,0820c
3976,3976,0,0820c
3977,3977,0,0820c
3978,3978,0,0820c
3979,3979,0,0820c
3980,3980,0,0820c
3981,3981,0,0820c
3982,3982,0,0820c
3983,3983,0,0820c
3984,3984,0,0820c
3985,3985,0,0820c
3986,3986,0,0820c
3987,3987,0,0820c
3988,3988,0,0820c
3989,3989,0,0820c
3990,3990,0,0820c
3991,3991,0,0820c
3992,3992,0,0820c
3993,3993,0,0820c
3994,3994,0,0820c
3995,3995,0,0820c
3996,3996,0,0820c
3997,3997,0,0820c
3998,3998,0,0820c
3999,3999,0,0820c
4000,4000,0,0820c
4001,4001,0,0820c
4002,4002,0,0820c
4003,4003,0,0820c
4004,4004,0,0820c
4005,4005,0,0820c
4006,4006,0,0820c
4007,4007,0,0820c
4008,4008,0,0820c
4009,4009,0,0820c
4010,4010,0,0820c
4011,4011,0,0820c
4012,4012,0,0820c
4013,4013,0,0820c
4014,4014,0,0820c
4015,4015,0,0820c
4016,4016,0,0820c
4017,4017,0,0820c
4018,4018,0,0820c
4019,4019,0,0820c
4020,4020,0,0820c
4021,4021,0,0820c
4022,4022,0,0820c
4023,4023,0,0820c
4024,4024,0,0820c
4025,4025,0,0820c
4026,4026,0,0820c
4027,4027,0,0820c
4028,4028,0,0820c
4029,4029,0,0820c
4030,4030,0,0820c
4031,4031,0,0820c
4032,4032,0,0820c
4033,4033,0,0820c
4034,4034,0,0820c
4035,4035,0,0820c
4036,4036,0,0820c
4037,4037,0,0820c
4038,4038,0,0820c
4039,4039,0,0820c
4040,4040,0,0820c
4041,4041,0,0820c
4042,4042,0,0820c
4043,4043,0,0820c
4044,4044,0,0820c
4045,4045,0,0820c
4046,4046,0,0820c
4047,4047,0,0820c
4048,4048,0,0820c
4049,4049,0,0820c
4050,4050,0,0820c
4051,4051,0,0820c
4052,4052,0,0820c
4053,4053,0,0820c
4054,4054,0,0820c
4055,4055,0,0820c
4056,4056,0,0820c
4057,4057,0,0820c
4058,4058,0,0820c
4059,4059,0,0820c
4060,4060,0,0820c
4061,4061,0,0820c
4062,4062,0,0820c
4063,4063,0,0820c
4064,4064,0,0820c
4065,4065,0,0820c
4066,4066,0,0820c
4067,4067,0,0820c
4068,4068,0,0820c
4069,4069,0,0820c
4070,4070,0,0820c
4071,4071,0,0820c
4072,4072,0,0820c
4073,4073,0,0820c
4074,4074,0,0820c
4075,4075,0,0820c
4076,4076,0,0820c
4077,4077,0,0820c
4078,4078,0,0820c
4079,4079,0,0820c
4080,4080,0,0820c
4081,4081,0,0820c
4082,4082,0,0820c
4083,4083,0,0820c
4084,4084,0,0820c
4085,4085,0,0820c
4086,4086,0,0820c
4087,4087,0,0820c
4088,4088,0,0820c
4089,4089,0,0820c
4090,4090,0,0820c
4091,4091,0,0820c
4092,4092,0,0820c
4093,4093,0,0820c
4094,4094,0,0820c
4095,4095,0,0820c
